DROP DATABASE IF EXISTS `communityevents`;
CREATE DATABASE `communityevents` /*!40100 DEFAULT charACTER SET utf8mb4 COLLATE utf8mb4_0900_ai_ci */ /*!80016 DEFAULT ENCRYPTION='N' */;
USE `communityevents`;
-- MySQL dump 10.13  Distrib 8.0.26, for Win64 (x86_64)
--
-- Host: 127.0.0.1    Database: communityevents
-- ------------------------------------------------------
-- Server version	8.0.26

/*!40101 SET @OLD_CHARACTER_SET_CLIENT=@@CHARACTER_SET_CLIENT */;
/*!40101 SET @OLD_CHARACTER_SET_RESULTS=@@CHARACTER_SET_RESULTS */;
/*!40101 SET @OLD_COLLATION_CONNECTION=@@COLLATION_CONNECTION */;
/*!50503 SET NAMES utf8 */;
/*!40103 SET @OLD_TIME_ZONE=@@TIME_ZONE */;
/*!40103 SET TIME_ZONE='+00:00' */;
/*!40014 SET @OLD_UNIQUE_CHECKS=@@UNIQUE_CHECKS, UNIQUE_CHECKS=0 */;
/*!40014 SET @OLD_FOREIGN_KEY_CHECKS=@@FOREIGN_KEY_CHECKS, FOREIGN_KEY_CHECKS=0 */;
/*!40101 SET @OLD_SQL_MODE=@@SQL_MODE, SQL_MODE='NO_AUTO_VALUE_ON_ZERO' */;
/*!40111 SET @OLD_SQL_NOTES=@@SQL_NOTES, SQL_NOTES=0 */;

--
-- Table structure for table `agecategory9999`
--

DROP TABLE IF EXISTS `agecategory5627`;
/*!40101 SET @saved_cs_client     = @@character_set_client */;
/*!50503 SET character_set_client = utf8mb4 */;
CREATE TABLE `agecategory5627` (
  `CatID` SMALLINT,
  `Description` VARCHAR(20) NOT NULL,
  PRIMARY KEY (`CatID`)
) ENGINE=InnoDB DEFAULT CHARSET=utf8mb4 COLLATE=utf8mb4_0900_ai_ci;
/*!40101 SET character_set_client = @saved_cs_client */;

--
-- Dumping data for table `agecategory9999`
--

LOCK TABLES `agecategory5627` WRITE;
/*!40000 ALTER TABLE `agecategory5627` DISABLE KEYS */;
INSERT INTO `agecategory5627` VALUES (1,'Under 25'),(2,'25 to 35'),(3,'36 to 49'),(4,'50 to 64'),(5,'Over 65');
/*!40000 ALTER TABLE `agecategory5627` ENABLE KEYS */;
UNLOCK TABLES;

--
-- Table structure for table `event9999`
--

DROP TABLE IF EXISTS `event5627`;
/*!40101 SET @saved_cs_client     = @@character_set_client */;
/*!50503 SET character_set_client = utf8mb4 */;
CREATE TABLE `event5627` (
  `Code` VARCHAR(3),
  `Name` VARCHAR(30) NOT NULL,
  `Category` VARCHAR(25),
  PRIMARY KEY (`Code`)
) ENGINE=InnoDB DEFAULT CHARSET=utf8mb4 COLLATE=utf8mb4_0900_ai_ci;
/*!40101 SET character_set_client = @saved_cs_client */;

--
-- Dumping data for table `event9999`
--

LOCK TABLES `event5627` WRITE;
/*!40000 ALTER TABLE `event5627` DISABLE KEYS */;
INSERT INTO `event5627` VALUES ('LSB','Lego sculpture building','Problem solving'),('GP','Game Programming','Problem solving'),('CCC','Bike Cross Country Crusade ','Physical challenge'),('SS','Solving Sudoku','Problem solving'),('JP','Jigsaw Puzzles 3000 ','Problem solving'),('HP','Happy Runners','Physical challenge'),('BW','Bush Walking','Physical challenge'),('3DM','3D Model Building','Problem solving');
/*!40000 ALTER TABLE `event5627` ENABLE KEYS */;
UNLOCK TABLES;

--
-- Table structure for table `eventoccurrence9999`
--

DROP TABLE IF EXISTS `eventoccurrence5627`;
/*!40101 SET @saved_cs_client     = @@character_set_client */;
/*!50503 SET character_set_client = utf8mb4 */;
CREATE TABLE `eventoccurrence5627` (
  `OccurrenceID` INT,
  `EventCode` VARCHAR(3) NOT NULL,
  `StartDate` DATE NOT NULL,
  `EndDate` DATE,
  `State` VARCHAR(3),
  PRIMARY KEY (`OccurrenceID`),
  KEY `fk_eventoccurrence_event` (`EventCode`),
  CONSTRAINT `fk_eventoccurrence_event` FOREIGN KEY (`EventCode`) REFERENCES `event5627`(`Code`)
) ENGINE=InnoDB DEFAULT CHARSET=utf8mb4 COLLATE=utf8mb4_0900_ai_ci;
/*!40101 SET character_set_client = @saved_cs_client */;

--
-- Dumping data for table `eventoccurrence9999`
--

LOCK TABLES `eventoccurrence5627` WRITE;
/*!40000 ALTER TABLE `eventoccurrence5627` DISABLE KEYS */;
INSERT INTO `eventoccurrence5627` VALUES (1,'LSB','2022/01/15','2022/01/15','SA'),(2,'GP','2022/01/23','2022/01/30','QLD'),(3,'SS','2022/05/15','2022/05/15','TAS'),(4,'CCC','2022/06/18','2022/06/19','NSW'),(5,'3DM','2022/09/24','2022/09/25','SA'),(6,'BW','2022/10/23','2022/10/23','TAS'),(7,'JP','2022/11/20','2022/11/20','VIC'),(8,'HP','2022/12/03','2022/12/03','WA'),(9,'LSB','2023/01/14','2023/01/14','VIC'),(10,'GP','2023/01/22','2023/01/29','SA'),(11,'SS','2023/05/14','2023/05/14','TAS'),(12,'CCC','2023/06/17','2023/06/18','QLD'),(13,'3DM','2023/09/23','2023/09/24','TAS'),(14,'BW','2023/10/22','2023/10/22','VIC'),(15,'JP','2023/11/19','2023/11/19','NSW'),(16,'HP','2023/12/02','2023/12/02','QLD'),(17,'LSB','2024/01/13','2024/01/13','WA'),(18,'GP','2024/01/21','2024/01/28','QLD'),(19,'SS','2024/05/12','2024/05/12','NSW'),(20,'CCC','2024/06/15','2024/06/16','VIC'),(21,'3DM','2024/09/21','2024/09/22','QLD'),(22,'BW','2024/10/20','2024/10/20','NSW'),(23,'JP','2024/11/17','2024/11/17','TAS'),(24,'HP','2024/11/30','2024/11/30','VIC'), (25, 'LSB', '2025/01/10', '2025/01/11', 'TAS'), (26, 'SS', '2025/01/26', '2025/01/27', 'NSW');
/*!40000 ALTER TABLE `eventoccurrence5627` ENABLE KEYS */;
UNLOCK TABLES;

--
-- Table structure for table `staff9999`
--

DROP TABLE IF EXISTS `staff5627`;
/*!40101 SET @saved_cs_client     = @@character_set_client */;
/*!50503 SET character_set_client = utf8mb4 */;
CREATE TABLE `staff5627` (
  `StaffID` INT,
  `FirstName` VARCHAR(50) NOT NULL,
  `LastName` VARCHAR(50),
  `Phone` CHAR(10) NOT NULL,
  `Email` VARCHAR(255) NOT NULL,
  `MainExpertise` VARCHAR(3) NOT NULL,
  `SecondaryExpertise` VARCHAR(3),
  PRIMARY KEY (`StaffID`),
  KEY `fk_staff_event` (`MainExpertise`),
  KEY `fk_ecommittee_backupevent` (`SecondaryExpertise`),
  CONSTRAINT `fk_staff_event` FOREIGN KEY (`MainExpertise`) REFERENCES `event5627`(`Code`),
  CONSTRAINT `fk_staff_backupevent` FOREIGN KEY (`SecondaryExpertise`) REFERENCES `event5627`(`Code`)
) ENGINE=InnoDB DEFAULT CHARSET=utf8mb4 COLLATE=utf8mb4_0900_ai_ci;
/*!40101 SET character_set_client = @saved_cs_client */;

--
-- Dumping data for table `staff9999`
--

LOCK TABLES `staff5627` WRITE;
/*!40000 ALTER TABLE `staff5627` DISABLE KEYS */;
INSERT INTO `staff5627` VALUES (10000,'Tiffany','Smith','0456897898','tiff@gmail.com','LSB','JP'),(10006,'Danielle','Martin','0412345678','danielle.martin@gmail.com','GP','BW'),(10010,'Debby','Wolfe','0457153763','debstar@hotmail.com','SS','GP'),(10018,'Helen','Wilson','0414200953','helen_welen@gmail.com','CCC','LSB'),(10039,'Aria','Roel','0406614259','ariaroel123@yahoo.com','3DM','GP'),(10112,'Tanya','Tipple','0455777888','ttipple@swin.edu.au','BW','HP'),(10182,'Sergio','Mercury','0458914615','smercury@unimelb.edu.au','JP','3DM'),(10452,'Katlyn','Schmitt','0421735725','kschmitt@unimelb.edu.au','HP','LSB'),(10454,'Jaxon','Hughes','0456791915','jaxonhughes@gmail.com','LSB','JP'),(10499,'Liu','Devon','0423225606','liudevon@swin.edu.au','BW','HP'),(10566,'Peter','Lewis','0478546274','peterlewis@gmail.com','CCC','SS'),(10805,'Pirkko','Saavedra','0469894130','pirkko@hotmail.com','CCC','HP'),(10985,'Diego','Braunschweiger','0430840302','diego.b_3@gmail.com','CCC','JP'),(11017,'Marcus','Wilson','0404483982','marcus.williams@torp.net.au','GP','3DM'),(11118,'Shane','Reaume','0444320733','shano_reaume@gmail.com','HP','BW'),(11124,'Pedro','Cartrain','0497621208','pedro.pedro.pedro@hotmail.com','JP','3DM'),(11225,'Ariel','Ling','0411000222','ariellui@swin.edu.au','JP','GP'),(11272,'Antonio','Schmitt','0442471610','anton_schmitt@gmail.com','3DM','HP'),(11407,'Jason','Delamare','0436131602','jason.del@yahoo.com','SS','CCC'),(11443,'Tony','Zhang','0404473319','tony_zhang@gmail.com','SS','LSB');
/*!40000 ALTER TABLE `staff5627` ENABLE KEYS */;
UNLOCK TABLES;

--
-- Table structure for table `eventcommittee9999`
--

DROP TABLE IF EXISTS `eventcommittee5627`;
/*!40101 SET @saved_cs_client     = @@character_set_client */;
/*!50503 SET character_set_client = utf8mb4 */;
CREATE TABLE `eventcommittee5627` (
  `EventOccurrenceID` INT,
  `StaffID` INT,
  `DateOrganised` DATE NOT NULL,
  `Role` VARCHAR(15),
  PRIMARY KEY (`EventOccurrenceID`, `StaffID`),
  KEY `fk_eventcommittee_eventoccurrence` (`EventOccurrenceID`),
  KEY `fk_ecommittee_staff` (`StaffID`),
  CONSTRAINT `fk_eventcommittee_eventoccurrence` FOREIGN KEY (`EventOccurrenceID`) REFERENCES `eventoccurrence5627`(`OccurrenceID`),
  CONSTRAINT `fk_eventcommittee_staff` FOREIGN KEY (`StaffID`) REFERENCES `staff5627`(`StaffID`)
) ENGINE=InnoDB DEFAULT CHARSET=utf8mb4 COLLATE=utf8mb4_0900_ai_ci;
/*!40101 SET character_set_client = @saved_cs_client */;

--
-- Dumping data for table `eventcommittee9999`
--

LOCK TABLES `eventcommittee5627` WRITE;
/*!40000 ALTER TABLE `eventcommittee5627` DISABLE KEYS */;
INSERT INTO `eventcommittee5627` VALUES (1,10000,'2021/01/15','Chair'),(1,10018,'2021/01/15','Treasurer'),(1,10452,'2021/01/15',''),(1,10454,'2021/01/15','Deputy Chair'),(1,11443,'2021/01/15',''),(2,10006,'2021/01/23','Chair'),(2,10010,'2021/01/23',''),(2,10039,'2021/01/23','Treasurer'),(2,11443,'2021/01/23',''),(2,11017,'2021/01/23','Deputy Chair'),(2,11225,'2021/01/23',''),(3,10010,'2021/05/15','Chair'),(3,10566,'2021/05/15',''),(3,11407,'2021/05/15','Deputy Chair'),(3,11443,'2021/05/15','Treasurer'),(4,10018,'2021/06/18','Chair'),(4,10566,'2021/06/18','Deputy Chair'),(4,10805,'2021/06/18','Treasurer'),(4,10985,'2021/06/18',''),(4,11407,'2021/06/18',''),(4,11272,'2021/06/18',''),(5,10039,'2021/09/24','Chair'),(5,11272,'2021/09/24','Deputy Chair'),(5,11017,'2021/09/24','Treasurer'),(5,10182,'2021/09/24',''),(6,10112,'2021/10/23','Chair'),(6,10499,'2021/10/23','Deputy Chair'),(6,10006,'2021/10/23','Treasurer'),(6,11118,'2021/10/23',''),(6,10985,'2021/10/23',''),(7,10182,'2021/11/20','Chair'),(7,11124,'2021/11/20','Deputy Chair'),(7,11225,'2021/11/20','Treasurer'),(7,10000,'2021/11/20',''),(7,10454,'2021/11/20',''),(8,10452,'2021/12/03','Chair'),(8,11118,'2021/12/03','Deputy Chair'),(8,11272,'2021/12/03','Treasurer'),(8,10112,'2021/12/03',''),(8,10499,'2021/12/03',''),(8,10805,'2021/12/03',''),(9,10000,'2022/01/14','Chair'),(9,10018,'2022/01/14','Treasurer'),(9,10452,'2022/01/14',''),(9,10454,'2022/01/14','Deputy Chair'),(10,10006,'2022/01/22','Deputy Chair'),(10,10010,'2022/01/22',''),(10,10039,'2022/01/22','Treasurer'),(10,10985,'2022/01/22',''),(10,11017,'2022/01/22','Chair'),(11,10010,'2022/05/14','Chair'),(11,10566,'2022/05/14',''),(11,11407,'2022/05/14','Deputy Chair'),(11,11443,'2022/05/14','Treasurer'),(11,10112,'2022/05/14',''),(11,10182,'2022/05/14',''),(12,10018,'2022/06/17',''),(12,10566,'2022/06/17','Deputy Chair'),(12,10805,'2022/06/17','Chair'),(12,10985,'2022/06/17','Treasurer'),(12,11407,'2022/06/17',''),(12,10454,'2022/06/17',''),(13,10039,'2022/09/23','Chair'),(13,11272,'2022/09/23','Deputy Chair'),(13,11124,'2022/09/23','Treasurer'),(13,10182,'2022/09/23',''),(14,10112,'2022/10/22','Chair'),(14,10499,'2022/10/22','Deputy Chair'),(14,10006,'2022/10/22',''),(14,11118,'2022/10/22','Treasurer'),(15,10182,'2022/11/19','Deputy Chair'),(15,11124,'2022/11/19','Treasurer'),(15,11225,'2022/11/19','Chair'),(15,10000,'2022/11/19',''),(15,10985,'2022/11/19',''),(16,10452,'2022/12/02','Chair'),(16,11118,'2022/12/02','Deputy Chair'),(16,11272,'2022/12/02',''),(16,10112,'2022/12/02',''),(16,10499,'2022/12/02',''),(16,10805,'2022/12/02','Treasurer'),(17,11443,'2023/01/13',''),(17,10018,'2023/01/13','Treasurer'),(17,10452,'2023/01/13','Deputy Chair'),(17,10454,'2023/01/13','Chair'),(18,10006,'2023/01/21',''),(18,10010,'2023/01/21','Treasurer'),(18,10039,'2023/01/21','Deputy Chair'),(18,10985,'2023/01/21',''),(18,11017,'2023/01/21','Chair'),(19,10010,'2023/05/12','Chair'),(19,10566,'2023/05/12',''),(19,11407,'2023/05/12','Deputy Chair'),(19,11443,'2023/05/12','Treasurer'),(19,10039,'2023/05/12',''),(20,10018,'2023/06/15',''),(20,10566,'2023/06/15','Deputy Chair'),(20,10805,'2023/06/15','Chair'),(20,10985,'2023/06/15','Treasurer'),(21,10039,'2023/09/21','Chair'),(21,11272,'2023/09/21','Deputy Chair'),(21,11017,'2023/09/21','Treasurer'),(21,10182,'2023/09/21',''),(21,11124,'2023/09/21',''),(21,11407,'2023/09/21',''),(22,10112,'2023/10/20','Chair'),(22,10499,'2023/10/20','Deputy Chair'),(22,10006,'2023/10/20',''),(22,11118,'2023/10/20','Treasurer'),(22,10018,'2023/10/20',''),(22,11225,'2023/10/20',''),(23,10182,'2023/11/17','Treasurer'),(23,11124,'2023/11/17','Chair'),(23,11225,'2023/11/17','Deputy Chair'),(23,10000,'2023/11/17',''),(24,10452,'2023/11/30','Chair'),(24,11118,'2023/11/30','Deputy Chair'),(24,10499,'2023/11/30',''),(24,10805,'2023/11/30','Treasurer');
/*!40000 ALTER TABLE `eventcommittee5627` ENABLE KEYS */;
UNLOCK TABLES;

--
-- Table structure for table `experience9999`
--

DROP TABLE IF EXISTS `experience5627`;
/*!40101 SET @saved_cs_client     = @@character_set_client */;
/*!50503 SET character_set_client = utf8mb4 */;
CREATE TABLE `experience5627` (
  `SkillCode` CHAR(1),
  `Name` VARCHAR(15) NOT NULL,
  `Comments` TEXT NOT NULL,
  PRIMARY KEY (`SkillCode`)
) ENGINE=InnoDB DEFAULT CHARSET=utf8mb4 COLLATE=utf8mb4_0900_ai_ci;
/*!40101 SET character_set_client = @saved_cs_client */;

--
-- Dumping data for table `experience9999`
--

LOCK TABLES `experience5627` WRITE;
/*!40000 ALTER TABLE `experience5627` DISABLE KEYS */;
INSERT INTO `experience5627` VALUES ('B','Beginner','Competitions for this level is to encourage people to pursue their interests'),('I','Intermediate','Competitions at this level are for those who are ready to take their interests to the next level'),('A','Advanced','Participation at this level requires high performance in at least one intermediate level competition'),('E','Expert','Participation at this level requires high performance in at least two advanced level competitions');
/*!40000 ALTER TABLE `experience5627` ENABLE KEYS */;
UNLOCK TABLES;

--
-- Table structure for table `participant9999`
--

DROP TABLE IF EXISTS `participant5627`;
/*!40101 SET @saved_cs_client     = @@character_set_client */;
/*!50503 SET character_set_client = utf8mb4 */;
CREATE TABLE `participant5627` (
  `PersonId` INT,
  `Name` VARCHAR(100) NOT NULL,
  `Gender` CHAR(1),
  `State` VARCHAR(3) NOT NULL,
  `agecategory` SMALLINT NOT NULL,
  `TShirtSize` VARCHAR(5) NOT NULL,
  `ExperienceLevel` CHAR(1) NOT NULL,
  PRIMARY KEY (`PersonId`),
  KEY `fk_participant_agecategory` (`agecategory`),
  KEY `fk_participant_experience` (`ExperienceLevel`),
  CONSTRAINT `fk_participant_agecategory` FOREIGN KEY (`agecategory`) REFERENCES `agecategory5627`(`CatID`),
  CONSTRAINT `fk_participant_experience` FOREIGN KEY (`ExperienceLevel`) REFERENCES `experience5627`(`SkillCode`)
) ENGINE=InnoDB DEFAULT CHARSET=utf8mb4 COLLATE=utf8mb4_0900_ai_ci;
/*!40101 SET character_set_client = @saved_cs_client */;

--
-- Dumping data for table `participant9999`
--

LOCK TABLES `participant5627` WRITE;
/*!40000 ALTER TABLE `participant5627` DISABLE KEYS */;
INSERT INTO `participant5627` VALUES (1000,'Chris Koutros','M','SA',4,'M','B'),(1001,'Jo McClean','F','SA',5,'XS','A'),(1002,'Alessia Galifi','F','ACT',3,'XL','B'),(1003,'Katy Cleece','F','VIC',4,'M','B'),(1004,'Debbie Cowley','F','WA',3,'XL','A'),(1005,'Rhona Cowburn','F','NSW',4,'S','E'),(1006,'Beth Meehan','F','ACT',4,'XL','E'),(1007,'Matthew Parr','M','ACT',4,'XXL','A'),(1008,'Jared Coyle','M','ACT',5,'L','E'),(1009,'Joanne Sharples','F','NT',4,'XL','I'),(1010,'Sarah Rankin','F','NT',2,'XXL','I'),(1011,'Erika OReilly','F','SA',4,'XL','A'),(1012,'Melissa Rapoza','F','WA',4,'L','I'),(1013,'Sophie Poredos','F','QLD',4,'XXL','A'),(1014,'Josephine Walsh','F','NSW',2,'XL','A'),(1015,'Brian Barbieri','M','VIC',1,'L','E'),(1016,'Danning Cui','M','NSW',4,'XS','B'),(1017,'Deanna Newman','F','WA',1,'S','B'),(1018,'Theodore Lazaretos','M','TAS',2,'XXL','B'),(1019,'Ronnie Lenzo','M','ACT',1,'XXL','E'),(1020,'Julia Scarola','F','VIC',4,'XL','B'),(1021,'Zoe Myers','F','TAS',2,'M','E'),(1022,'Jenna Kamber','F','QLD',5,'M','A'),(1023,'Blair Habberjam','M','VIC',2,'XL','B'),(1024,'Madison Romeo','F','WA',3,'XL','I'),(1025,'Paul Heck','M','TAS',2,'S','B'),(1026,'Cheryl Nehring','F','VIC',4,'L','E'),(1027,'William Seymon','M','NT',2,'L','A'),(1028,'Lela Smith','F','WA',5,'S','A'),(1029,'Nathan Tan','M','SA',4,'S','B'),(1030,'Lyndsay Wren','F','NT',5,'L','E'),(1031,'Ava glover','F','WA',2,'M','I'),(1032,'Agime Gjeshhitraj','F','WA',2,'XS','B'),(1033,'Jeff Park','M','WA',5,'M','B'),(1034,'Rebecca Nielsen','F','NSW',1,'L','E'),(1035,'Daniel Smith','M','VIC',1,'M','A'),(1036,'William Lester','M','TAS',1,'XXL','I'),(1037,'Vicki Burke','F','NSW',1,'XXL','B'),(1038,'Grant Harris','M','TAS',3,'XS','B'),(1039,'Carlos Pineiro','M','NT',1,'M','B'),(1040,'Angela Beardsworth','F','VIC',4,'L','E'),(1041,'Kristy Gordon','F','NSW',5,'XL','E'),(1042,'Antonella Bongiorno','F','ACT',3,'XL','B'),(1043,'Craig Pollitt','M','VIC',3,'XL','A'),(1044,'Jessica Elliott','F','VIC',4,'M','B'),(1045,'Lillian Knight','F','VIC',5,'S','E'),(1046,'Patricia Smith','F','WA',4,'XS','B'),(1047,'Christopher Hargreaves','M','NT',2,'XXL','B'),(1048,'Geoff Pearce','M','NSW',3,'XL','I'),(1049,'Marcin Cieslar','M','QLD',1,'XL','E'),(1050,'Lee Johnson','M','QLD',3,'L','I'),(1051,'Kurt Doerr','M','SA',5,'M','A'),(1052,'Rebecca Croft','F','WA',4,'S','A'),(1053,'James Moore','M','QLD',4,'S','E'),(1054,'Linda Roberts','F','SA',4,'XL','E'),(1055,'Julie Bonnici','F','WA',1,'S','B'),(1056,'Jade Parker','F','SA',4,'S','E'),(1057,'Conner Sheridan','M','QLD',5,'L','A'),(1058,'Lauren Gavin','F','NT',5,'M','E'),(1059,'Stephen Cottingham','M','QLD',2,'L','E'),(1060,'Laura Walker','F','NT',1,'XS','B'),(1061,'Kylie Watson','F','TAS',5,'L','B'),(1062,'Ying Liu','F','ACT',4,'XS','I'),(1063,'Tony Telford','M','ACT',1,'L','I'),(1064,'Matthew Goetz','M','WA',5,'L','B'),(1065,'Renee Reichert','F','ACT',3,'S','I'),(1066,'Nicole Longhurst','F','NSW',5,'XL','B'),(1067,'Michael Tobin','M','ACT',1,'S','A'),(1068,'Sam Chesterman','M','TAS',5,'XL','E'),(1069,'Vin Bohnra','M','TAS',2,'S','I'),(1070,'Maricel Diaz','F','TAS',2,'XXL','A'),(1071,'Toni Hryziuk','F','NSW',4,'XL','A'),(1072,'Daniel Gregson','M','QLD',2,'XL','A'),(1073,'Donald Kenny','M','NSW',1,'M','A'),(1074,'Ali Holmes','F','ACT',4,'S','E'),(1075,'Sarah-Jane Marshall','F','TAS',5,'L','I'),(1076,'Tory Emme','M','ACT',3,'M','B'),(1077,'Amanda Clarke','F','NSW',5,'XL','A'),(1078,'Richard Beltiski','M','TAS',3,'S','A'),(1079,'Jenny Banks','F','ACT',2,'L','A'),(1080,'Nichola Arnott','F','NT',2,'XL','A'),(1081,'Imogen Murray','F','NSW',2,'L','A'),(1082,'Georgia Sharples','F','QLD',4,'XS','E'),(1083,'Ethan West','M','VIC',3,'XL','E'),(1084,'Joel Bendeich','M','ACT',1,'XXL','B'),(1085,'Jellen Adan','F','ACT',3,'XXL','I'),(1086,'Lesley Renshaw','F','TAS',5,'M','A'),(1087,'Darryl Heiner','M','NT',4,'M','A'),(1088,'Jessica Lloyd','F','SA',5,'S','E'),(1089,'Rafael Riveros','M','ACT',2,'M','E'),(1090,'Nico Scarso','M','NSW',1,'L','E'),(1091,'Janet Tozer','F','QLD',4,'S','B'),(1092,'Nicola Greaves','F','TAS',5,'XL','E'),(1093,'Vicki Whittle','F','WA',1,'S','B'),(1094,'Nicholas Como','M','ACT',3,'XL','B'),(1095,'John Lennon','M','NSW',1,'XL','A'),(1096,'Lori Rossignol','F','ACT',3,'S','I'),(1097,'Graham Watson','M','NSW',2,'L','B'),(1098,'Laura Williams','F','TAS',2,'L','A'),(1099,'Emma Mair','F','QLD',4,'XXL','A'),(1100,'Alexandra Scott','F','NSW',4,'S','A'),(1101,'Sarah Mead','F','VIC',3,'L','E'),(1102,'Carlos Erceg','M','TAS',5,'L','B'),(1103,'Greg Heath','M','TAS',5,'XXL','E'),(1104,'Cesar Bonifacio','M','SA',5,'L','A'),(1105,'Lee Smethurst','M','NSW',3,'XL','A'),(1106,'Sue Barnes','F','SA',5,'XL','B'),(1107,'Jane Smith','F','ACT',1,'XL','B'),(1108,'Kyle Love-Hoskins','M','NT',1,'M','A'),(1109,'Leanne Bell','F','TAS',4,'L','B'),(1110,'Natalie Fitch','F','VIC',1,'S','A'),(1111,'Anna Motorina','F','QLD',1,'S','B'),(1112,'Elzaan van der Merwe','F','WA',2,'XL','A'),(1113,'Simon Jackson','M','NT',3,'S','A'),(1114,'P Cusick','F','QLD',3,'XS','E'),(1115,'Melanie Tucker','F','SA',3,'S','A'),(1116,'Taylor Wilkinson','M','NT',2,'M','A'),(1117,'Paula Mckeown','F','QLD',4,'XXL','I'),(1118,'Kimberley Rushton','F','SA',1,'M','E'),(1119,'Carmen Quintana','F','WA',1,'XS','E'),(1120,'Rona Krogmann','F','ACT',2,'XL','E'),(1121,'Helmut Haselroither','M','QLD',5,'XXL','A'),(1122,'Siobhan Sunderland','F','NSW',2,'S','I'),(1123,'Vinnie Stasi','M','ACT',3,'XL','A'),(1124,'Lorraine Lettieri','F','QLD',4,'M','B'),(1125,'Kaylee Walter','F','TAS',2,'S','E'),(1126,'Jackson Chabot','M','VIC',3,'S','A'),(1127,'Gabel Tan','M','VIC',2,'XXL','E'),(1128,'Catherine Furesz','F','ACT',5,'XXL','A'),(1129,'Emmanual Gonzalez','M','NSW',1,'L','A'),(1130,'Simon Heselden','M','TAS',1,'L','I'),(1131,'Kevin Stacey','M','TAS',4,'XXL','A'),(1132,'Ryan Grant','M','NSW',1,'L','B'),(1133,'Hui Sun','F','NSW',5,'XL','B'),(1134,'Yazmin Morrison','F','SA',3,'S','B'),(1135,'Ben Dowson','M','QLD',2,'L','A'),(1136,'Sebastian Viloria','M','ACT',4,'L','A'),(1137,'Mandy Cowell','F','SA',2,'M','A'),(1138,'Melissa Gillbride','F','SA',3,'XS','E'),(1139,'Yuri Miyakawa','M','SA',2,'XL','I'),(1140,'Adam Turner','M','SA',3,'S','E'),(1141,'Denis Maksudovski','M','VIC',2,'XXL','A'),(1142,'Thomas Mormino','M','VIC',1,'L','I'),(1143,'Tony Luck','M','NSW',1,'XS','B'),(1144,'Daniel Briscoe','M','TAS',2,'S','E'),(1145,'Kyoko Miura','F','SA',3,'L','B'),(1146,'Kay Pitman','F','WA',5,'XL','I'),(1147,'David Wozniak','M','ACT',2,'XL','E'),(1148,'Laura Houghton','F','SA',4,'XS','B'),(1149,'Joseph Oliva','M','ACT',4,'S','B'),(1150,'Debra Cooper','F','NT',1,'S','I'),(1151,'Norm White','M','ACT',5,'S','A'),(1152,'Lynne Kemp','F','NT',4,'XL','I'),(1153,'Sal Puma','M','NT',3,'XL','A'),(1154,'Guy Walters','M','VIC',3,'S','E'),(1155,'Kelly Fasone','F','WA',2,'XXL','E'),(1156,'Albert Mazzoni','M','NT',1,'XL','B'),(1157,'Tracey Ramsay','F','NT',1,'XL','A'),(1158,'Gary Hall','M','NSW',1,'S','A'),(1159,'Megan Rapoza','F','QLD',3,'S','I'),(1160,'Jim Phelan','M','SA',1,'L','B'),(1161,'Alex Yubo Cao','M','ACT',5,'S','B'),(1162,'Esther Stanier','F','NSW',3,'XS','A'),(1163,'Sonya Clarke','F','VIC',2,'XXL','E'),(1164,'Matthew Ale','M','ACT',5,'L','I'),(1165,'Donna Clancy','F','TAS',2,'M','B'),(1166,'James Corbett','M','VIC',3,'L','A'),(1167,'Dmitri Wilkins','M','ACT',1,'L','A'),(1168,'Lynne Knowles','F','TAS',1,'XS','A'),(1169,'Natasha Monk','F','WA',1,'XL','B'),(1170,'John Correia','M','NT',3,'S','E'),(1171,'Dawn Watkinson','F','ACT',2,'XL','A'),(1172,'Christina Basile','F','TAS',5,'L','B'),(1173,'Rob Reilly','M','VIC',5,'XXL','I'),(1174,'Lucas Avallone','M','WA',5,'L','E'),(1175,'Brendan Bravo','M','TAS',1,'XXL','B'),(1176,'Debra Doggett','F','VIC',4,'M','A'),(1177,'Michael Ferdinando','M','TAS',1,'M','E'),(1178,'David Burley','M','QLD',5,'L','A'),(1179,'Patricia Obrien','F','TAS',5,'S','I'),(1180,'Warren Ballard','M','NSW',2,'XL','E'),(1181,'Nick Peragine','M','ACT',2,'M','I'),(1182,'Jayden Contini','M','ACT',2,'XXL','B'),(1183,'Oyoung Kwon','M','ACT',4,'XXL','B'),(1184,'Lee Mele','M','WA',3,'M','I'),(1185,'Cliff Wilford','M','NT',2,'XS','E'),(1186,'Merrick van Wyk','M','QLD',4,'XL','E'),(1187,'Matthew Johns','M','NSW',4,'XL','B'),(1188,'Nicholas Bonella','M','SA',5,'L','E'),(1189,'John Tell','M','TAS',4,'L','B'),(1190,'Paula Hill','F','NT',4,'S','A'),(1191,'Chris Carr','M','SA',2,'M','E'),(1192,'Louise Johnson','F','TAS',1,'L','I'),(1193,'Catherine Waters','F','NT',1,'S','E'),(1194,'Mark Anastasia','M','QLD',3,'XS','E'),(1195,'Brad Byrne','M','SA',2,'L','E'),(1196,'Susan Saddoo','F','ACT',4,'M','B'),(1197,'Natalie Taylor','F','QLD',1,'M','B'),(1198,'Manisha Govender','F','SA',5,'XL','A'),(1199,'Allison Parker','F','TAS',1,'M','B'),(1200,'Alison Christy','F','NT',2,'M','B'),(1201,'Tia Harris','F','SA',3,'XS','E'),(1202,'Paul Merrett','M','QLD',4,'XL','A'),(1203,'Michael Cieslar','M','TAS',3,'XS','B'),(1204,'Ashley Borgstadt','F','WA',4,'XL','I'),(1205,'Taj Arends','M','ACT',2,'L','A'),(1206,'Kelly Mason','F','SA',3,'M','B'),(1207,'Sharon Dorward','F','VIC',5,'M','I'),(1208,'Carole Sewell','F','WA',3,'S','B'),(1209,'Savanna Mello','F','SA',4,'XL','I'),(1210,'Ray James','M','NT',4,'M','A'),(1211,'Lachlan Scicluna','M','SA',3,'XXL','B'),(1212,'Astrid Murray','F','TAS',5,'S','B'),(1213,'Ryder Aslin','M','ACT',2,'S','A'),(1214,'Declan Grey','M','ACT',1,'XS','A'),(1215,'Alex Lamatina','M','TAS',3,'XL','I'),(1216,'Sal Toner','M','TAS',3,'M','I'),(1217,'Sophie Seymon','F','NT',5,'S','I'),(1218,'Mark Rolph','M','NT',4,'L','E'),(1219,'Sheryl Kavanagh','F','NT',4,'L','E'),(1220,'Holly Carroll','F','NSW',3,'XS','E'),(1221,'Mark Streeter','M','NSW',3,'XL','A'),(1222,'Alexis Newey','F','QLD',4,'M','A'),(1223,'Luke Hallam','M','SA',3,'XS','B'),(1224,'Jo Hutchinson','F','NSW',3,'M','E'),(1225,'Andrew Gonzales','M','NSW',5,'XL','E'),(1226,'Alma Nunwick','F','TAS',5,'L','E'),(1227,'Alison Brown','F','QLD',3,'L','I'),(1228,'Grant Olliver','M','QLD',2,'S','A'),(1229,'Nigel Cochrane','M','TAS',5,'L','B'),(1230,'Marie Mitchell','F','VIC',4,'XL','I'),(1231,'Levi Zhang','M','WA',3,'L','E'),(1232,'Josh Gak','M','SA',5,'XL','A'),(1233,'Oliver Carey','M','ACT',5,'S','A'),(1234,'Hugh Roberts','M','VIC',4,'L','I'),(1235,'Rachael Smith','F','ACT',5,'L','A'),(1236,'Samuele Cheever','M','NT',3,'XS','A'),(1237,'Thomas Bramwell','M','VIC',2,'S','I'),(1238,'Peter Flaskis','M','WA',5,'M','A'),(1239,'Sandy Mason','F','NSW',1,'XL','A'),(1240,'Madeline Gillen','F','VIC',1,'XL','E'),(1241,'Alexandra Hertz','F','VIC',2,'M','E'),(1242,'Sarah Dix','F','ACT',1,'S','A'),(1243,'Hannah Telford','F','SA',1,'M','A'),(1244,'Christian Mesanna','M','QLD',5,'S','I'),(1245,'Victoria Dynak','F','TAS',3,'XL','E'),(1246,'Susan Williams','F','ACT',5,'XXL','E'),(1247,'Justine Hauser','F','VIC',4,'L','B'),(1248,'Joe Mancino','M','QLD',3,'XL','I'),(1249,'Christopher Parker','M','NSW',1,'L','I'),(1250,'Isabella Mejia','F','NSW',3,'M','I'),(1251,'Lisa Stevens','F','SA',4,'XL','A'),(1252,'Damien Carlson','M','TAS',1,'L','I'),(1253,'Chris Mendoza','M','VIC',3,'XS','A'),(1254,'Mehek Haq','F','WA',3,'XL','I'),(1255,'David OBrien','M','TAS',4,'M','I'),(1256,'Theodore Clifton','M','NT',5,'L','I'),(1257,'Drew Kelly','M','SA',4,'XL','B'),(1258,'Brett Wood','M','ACT',5,'L','A'),(1259,'Sophia Caviccha','F','NSW',2,'S','B'),(1260,'Holly Chesterman','F','NT',1,'L','E'),(1261,'Michael Busam','M','NSW',2,'XL','E'),(1262,'Lachlan Wilson','M','VIC',1,'M','E'),(1263,'Daniel Martin','M','NT',3,'XL','A'),(1264,'Tracy Simms','F','NT',3,'L','A'),(1265,'Tara Manning','F','VIC',1,'M','A'),(1266,'Michelle Szymojko','F','WA',4,'XL','E'),(1267,'David Ronan','M','NT',3,'L','B'),(1268,'Jo Rayner','F','WA',4,'XXL','A'),(1269,'Briana Kodetsky','F','VIC',5,'M','B'),(1270,'Hayley Unsworth','F','NT',1,'S','I'),(1271,'Craig Emme','M','ACT',4,'S','I'),(1272,'Genevieve Pattemore','F','SA',3,'L','A'),(1273,'Diana Conlon','F','VIC',3,'XXL','B'),(1274,'Kris Ryan','F','TAS',1,'XL','E'),(1275,'Wayne Rushworth','M','QLD',3,'XXL','B'),(1276,'Ben Commerford','M','ACT',5,'S','A'),(1277,'Monica Leide','F','ACT',1,'S','E'),(1278,'Edgar Samano','M','VIC',3,'L','B'),(1279,'Geoffrey Bishop','M','ACT',2,'M','A'),(1280,'Nicci Maher','F','WA',3,'M','E'),(1281,'Oliver Davis','M','ACT',5,'M','E'),(1282,'Bobby Capolongo','M','WA',2,'S','I'),(1283,'Pauline Healey','F','NSW',4,'XXL','I'),(1284,'Mark Broadhurst','M','NSW',5,'S','I'),(1285,'Hayley Richardson','F','NT',5,'S','I'),(1286,'Ion Croitor','M','ACT',1,'XL','I'),(1287,'Carl Schodde','M','TAS',3,'L','E'),(1288,'Russell Giambrone','M','SA',1,'M','A'),(1289,'Seth Lithisack','M','NSW',3,'M','I'),(1290,'Jamie Street','M','TAS',5,'L','B'),(1291,'Alexandra Mccowen','F','NT',4,'XL','B'),(1292,'Stacey Hager','F','VIC',3,'S','I'),(1293,'Andrew Johnson','M','TAS',4,'S','E'),(1294,'Daniel Golden','M','ACT',4,'L','E'),(1295,'Melissa Johns','F','NT',4,'M','A'),(1296,'Chelsea Sullivan','F','SA',4,'S','A'),(1297,'Lin Zhang','F','SA',4,'XL','E'),(1298,'Stuart Clough','M','NSW',2,'L','A'),(1299,'Zach Dobeli','M','NT',4,'M','B'),(1300,'Lynn Decker','F','SA',5,'M','I'),(1301,'Caroline Parry','F','ACT',1,'XS','E'),(1302,'Ian Richards','M','VIC',5,'M','I'),(1303,'Aleisha Hibbert','F','NSW',4,'M','I'),(1304,'Maria Whitty','F','SA',3,'S','E'),(1305,'Gerard Nicholson','M','NT',5,'XS','B'),(1306,'Sean Goodwin','M','TAS',5,'XL','A'),(1307,'Thomas Ainsworth','M','ACT',1,'L','E'),(1308,'Kahlea Rainey','F','NSW',3,'XS','I'),(1309,'Gwen Zantiras','F','ACT',3,'M','A'),(1310,'Jason Avallone','M','TAS',3,'M','E'),(1311,'Kyunghee Park','F','NT',2,'L','B'),(1312,'Heidi Webber','F','ACT',3,'L','E'),(1313,'Bakhityor Subkhonkullv','M','ACT',2,'L','A'),(1314,'Sara Chesney','F','VIC',1,'S','B'),(1315,'Cassandra Underwood','F','NT',5,'XL','B'),(1316,'Neil Wheaton','M','ACT',3,'L','B'),(1317,'Natalie Croft','F','NT',1,'L','I'),(1318,'Paul Barry','M','TAS',3,'XL','B'),(1319,'Jonathan Lanning','M','VIC',2,'XXL','I'),(1320,'Irving Van Der Merwe','M','SA',1,'L','E'),(1321,'Jon OBrien','M','VIC',2,'XL','E'),(1322,'Annette Hyland','F','NT',1,'XL','E'),(1323,'Diana Dileo','F','NSW',5,'XXL','I'),(1324,'Paula Veevers','F','WA',2,'XL','A'),(1325,'Sierra Longhurst','F','TAS',5,'M','I'),(1326,'Hildemarie De Bruto','F','SA',5,'M','I'),(1327,'Hannah Barlow','F','NSW',4,'L','E'),(1328,'Lindsay Mello','F','NT',3,'S','I'),(1329,'Kelly Holding','F','VIC',5,'M','B'),(1330,'Tracy Dumon','F','QLD',2,'S','A'),(1331,'Terri Reid','F','WA',1,'XL','A'),(1332,'Richard Clemo','M','TAS',5,'L','E'),(1333,'Teresa Irvine','F','VIC',4,'M','I'),(1334,'Jude Ward','F','NT',4,'XXL','I'),(1335,'Arlene van Wyk','F','SA',5,'XL','B'),(1336,'Ricky Zeng','M','SA',4,'M','E'),(1337,'Wendi Whittle','F','NSW',3,'L','B'),(1338,'Maurice Mel','M','ACT',4,'XL','E'),(1339,'Kerrie East','F','VIC',1,'M','A'),(1340,'Sofia Pearson','F','NT',4,'S','A'),(1341,'Krystle Paterson','F','WA',3,'L','B'),(1342,'Anna Johnston','F','ACT',5,'XXL','B'),(1343,'Hennie Coetzer','M','ACT',4,'M','A'),(1344,'Hamish Seymon','M','QLD',4,'S','B'),(1345,'Jundi Zhang','M','QLD',1,'S','I'),(1346,'Snow Choi','F','SA',4,'S','A'),(1347,'Mariel Bramich','F','VIC',2,'S','I'),(1348,'Donna Rounds','F','NSW',4,'L','E'),(1349,'Ryan Dalton','M','NSW',2,'XL','B'),(1350,'Michael Schultz','M','WA',2,'S','I'),(1351,'Vicki Robinson','F','NSW',3,'XXL','E'),(1352,'Anthony Bonnici','M','VIC',5,'L','A'),(1353,'Karen Mercer','F','WA',1,'M','A'),(1354,'Chris Chabot','M','TAS',5,'L','I'),(1355,'Leif Lundberg','M','TAS',3,'M','A'),(1356,'Ingrid Gliottone','F','SA',3,'XL','A'),(1357,'Jackie Cohen','F','TAS',3,'XS','E'),(1358,'David Marchant','M','NSW',1,'S','I'),(1359,'Lisa Robinson','F','TAS',5,'XXL','A'),(1360,'Adele Morton','F','NSW',4,'XL','I'),(1361,'Robert Parry','M','NSW',1,'S','E'),(1362,'Sarah Rosales','F','NSW',4,'XL','A'),(1363,'Lisa Defusco','F','TAS',1,'M','B'),(1364,'Angelika Pietroeyk','F','ACT',2,'M','E'),(1365,'Andrew Howlett','M','ACT',5,'L','I'),(1366,'Jenna Adams','F','ACT',1,'L','A'),(1367,'Julie Vickers','F','SA',4,'XXL','A'),(1368,'Vanessa Kraker','F','SA',4,'L','E'),(1369,'Paul Halliwell','M','SA',4,'M','E'),(1370,'Rhoda Cocks','F','WA',3,'XXL','A'),(1371,'Christopher Hazel','M','NT',3,'L','A'),(1372,'Emma Woodward','F','TAS',5,'XS','A'),(1373,'Barnaby Sumner','M','TAS',4,'XL','B'),(1374,'Lea Jakupovic','F','TAS',4,'L','E'),(1375,'Peter Henry','M','WA',2,'S','A'),(1376,'Emma Dippelsman','F','NSW',5,'M','E'),(1377,'Caleb Parr','M','WA',1,'XXL','A'),(1378,'Elizabeth Grech','F','VIC',3,'XXL','B'),(1379,'Carol Sharpe','F','NSW',5,'XL','E'),(1380,'Rebekah Hutchinson','F','NT',5,'XS','A'),(1381,'Kylie Tucker','F','NT',4,'S','I'),(1382,'Sayuni Batuwangala','F','ACT',4,'M','B'),(1383,'Georgina Kirchner','F','TAS',3,'XS','A'),(1384,'Michelle Just','F','NSW',1,'S','I'),(1385,'Karl Cockcroft','M','QLD',2,'XXL','E'),(1386,'Kara Tattersall','F','VIC',2,'XXL','B'),(1387,'Ben Carne','M','VIC',2,'S','I'),(1388,'Kylie Baldwin','F','TAS',3,'M','I'),(1389,'Alexa Zambino','F','SA',2,'M','I'),(1390,'Jenna Kurkinen','F','WA',5,'M','B'),(1391,'Phil Beeston','M','NSW',5,'S','I'),(1392,'Christian Hope','M','QLD',2,'XL','B'),(1393,'Coral Finlay','F','TAS',3,'S','B'),(1394,'Gillian Bailey','F','SA',2,'M','A'),(1395,'Garrett Moroni','M','QLD',4,'M','B'),(1396,'Stephen Kofod','M','WA',4,'S','B'),(1397,'Joanne Pearson','F','QLD',1,'M','B'),(1398,'Vaughn Murray','M','VIC',2,'XL','B'),(1399,'Scott Contini','M','SA',3,'XXL','I'),(1400,'Min Wang','F','TAS',4,'L','E'),(1401,'Paul Asnthony','M','VIC',2,'S','B'),(1402,'Justine Wu','F','SA',2,'S','B'),(1403,'Amy Thorpe','F','TAS',2,'L','A'),(1404,'Luca Livigni','M','TAS',3,'M','E'),(1405,'Sue Crompton','F','VIC',5,'S','E'),(1406,'John Warlters','M','VIC',2,'M','E'),(1407,'Yi Liu','F','VIC',2,'S','B'),(1408,'Tahlia Deng','F','NSW',5,'XL','A'),(1409,'Julia Roloph','F','TAS',4,'M','I'),(1410,'Olive King','F','SA',4,'L','A'),(1411,'Katrina Hoey','F','QLD',4,'XL','A'),(1412,'Paul Kenyon','M','NSW',2,'M','E'),(1413,'Allison Rail','F','NT',4,'S','I'),(1414,'Leela - Rose White','F','TAS',1,'XS','B'),(1415,'Anthony Jamieson','M','SA',1,'M','A'),(1416,'Ralph Cilento','M','ACT',2,'L','E'),(1417,'Alastair Mattin','M','VIC',2,'XL','E'),(1418,'Robert Hanlon','M','WA',2,'XL','A'),(1419,'Steel Reilly','M','TAS',4,'XL','E'),(1420,'Nicola Roberts','F','NSW',3,'S','B'),(1421,'Tracey Erceg','F','VIC',5,'XXL','B'),(1422,'George Bell','M','SA',4,'M','B'),(1423,'Dennis Rochford','M','WA',1,'S','E'),(1424,'Ricardo Sandoval','M','ACT',4,'M','B'),(1425,'Chris Colborne','M','ACT',2,'M','A'),(1426,'Stephen Ferdinando','M','NT',1,'M','I'),(1427,'Lia Smerina','F','SA',4,'S','I'),(1428,'Greg Guglielmo','M','NSW',3,'S','E'),(1429,'Jessica Abel','F','TAS',3,'S','E'),(1430,'Robyn Logan','F','VIC',4,'M','I'),(1431,'Alex Rosales','M','QLD',5,'XL','A'),(1432,'Anita Dunn','F','TAS',5,'XL','E'),(1433,'Jane Walker','F','SA',1,'L','B'),(1434,'Don Jones','M','ACT',2,'M','I'),(1435,'Machel Charles','M','QLD',2,'XXL','A'),(1436,'Alex Rayner','M','TAS',3,'S','A'),(1437,'Joanna Ellis','F','TAS',1,'L','E'),(1438,'Jenny King','F','ACT',5,'XL','E'),(1439,'Melanie Balczunas','F','NT',5,'L','A'),(1440,'Hayley Nash','F','SA',1,'M','I'),(1441,'Stefanie Gith','F','ACT',1,'M','A'),(1442,'Kathleen Heck','F','QLD',4,'XXL','B'),(1443,'Thomas Trapp','M','WA',2,'S','B'),(1444,'Paige Irvine','F','TAS',3,'M','A'),(1445,'Patricia Wright','F','SA',3,'XL','A'),(1446,'Blake Moren','M','SA',3,'S','I'),(1447,'Lynn Eccleston','F','TAS',3,'XXL','E'),(1448,'Tahlia Haj','F','QLD',5,'M','A'),(1449,'Justin Terranova','M','VIC',5,'XXL','B'),(1450,'Kate Overend','F','QLD',5,'XL','E'),(1451,'Ashley Hustwayte','M','SA',5,'S','E'),(1452,'Thomas Hayes','M','SA',4,'S','E'),(1453,'Jules Longdon','F','ACT',2,'L','B'),(1454,'Kayla Melidones','F','QLD',5,'L','A'),(1455,'Jiwoong CHANG','M','VIC',5,'M','B'),(1456,'Carmelo Crawford','M','VIC',4,'XL','E'),(1457,'Rebecca Stott','F','VIC',3,'S','I'),(1458,'Dorothy Liu','F','QLD',1,'M','A'),(1459,'Di Turnock','F','VIC',1,'S','A'),(1460,'Martin Dowson','M','VIC',5,'XL','A'),(1461,'Joseph Bufalini','M','SA',5,'S','E'),(1462,'Sandra Hinwood','F','VIC',1,'L','A'),(1463,'Karim Burkhardt','M','WA',5,'XXL','A'),(1464,'Arber Kaziu','M','NT',4,'L','E'),(1465,'Karen Smith','F','ACT',4,'XS','B'),(1466,'Michael Williams','M','SA',4,'L','I'),(1467,'Ruth Watkinson','F','NSW',1,'S','B'),(1468,'Sandra Davies','F','NSW',2,'M','E'),(1469,'Hayley Betts','F','ACT',5,'L','I'),(1470,'Catrin Hobart','F','NSW',3,'M','B'),(1471,'Steven Last','M','VIC',5,'XS','B'),(1472,'Justin Robinson','M','SA',1,'S','E'),(1473,'Kayleen Condrick','F','WA',4,'XXL','I'),(1474,'Kathryn Abbott','F','TAS',2,'XL','I'),(1475,'Rebecca Chesters','F','NSW',3,'XXL','A'),(1476,'Christine Sacrey','F','SA',3,'XS','A'),(1477,'Darren Sunderland','M','TAS',2,'XL','E'),(1478,'Andrew Hallam','M','TAS',2,'L','A'),(1479,'Michael Mason','M','QLD',4,'S','B'),(1480,'Lydia Kennedy','F','WA',2,'XXL','E'),(1481,'Yvonne Boecker','F','NT',1,'S','I'),(1482,'Diana Raffellini','F','NT',3,'XL','E'),(1483,'Kathleen Russell','F','VIC',4,'S','A'),(1484,'Laura Ketchell','F','QLD',4,'S','I'),(1485,'Joseph Rea','M','TAS',3,'S','I'),(1486,'Helen Roberts','F','ACT',3,'L','A'),(1487,'Katie Lucas','F','ACT',1,'M','A'),(1488,'Kathy Mostert','F','NT',3,'XL','A'),(1489,'Christopher Bromley','M','NSW',1,'S','I'),(1490,'Jacob Brito','M','NT',1,'S','E'),(1491,'Lauchlan Quak','M','VIC',2,'L','B'),(1492,'Jason Henwood','M','WA',5,'L','B'),(1493,'Emma Bendeich','F','ACT',5,'XL','B'),(1494,'Ros Cradden','F','NT',4,'M','E'),(1495,'Jesse van Wyk','M','VIC',3,'S','E'),(1496,'Kitty Synot','F','ACT',3,'XL','B'),(1497,'Matt Barber','M','QLD',1,'XL','I'),(1498,'Tania Cockcroft','F','TAS',2,'XL','B'),(1499,'Wignall Emily','F','NSW',4,'L','B'),(1500,'Vanessa Avallone','F','NT',2,'XL','I'),(1501,'Celine Silva','F','TAS',2,'M','B'),(1502,'Julie Peters','F','WA',4,'L','E'),(1503,'Isabella Hager','F','ACT',2,'XS','I'),(1504,'Christopher Paxis','M','VIC',1,'S','E'),(1505,'Ange Concepcion','F','NT',4,'M','B'),(1506,'Pippa Edwards','F','SA',4,'XS','I'),(1507,'Riley Sumner','F','TAS',5,'L','A'),(1508,'Claire Bertsch','F','WA',5,'XS','B'),(1509,'Louise Hannan','F','WA',1,'S','I'),(1510,'Ciaran Fallon','M','VIC',1,'S','A'),(1511,'Pia Ingvorsen','F','ACT',3,'XL','A'),(1512,'Kelly Calvert','F','TAS',1,'XL','A'),(1513,'Diana Leva','F','QLD',1,'XXL','B'),(1514,'Debbie Graham','F','SA',5,'M','B'),(1515,'Josie Swarbrick','F','ACT',5,'XL','E'),(1516,'Jess Griffiths','F','SA',4,'S','A'),(1517,'Kate Coehn','F','QLD',2,'XS','E'),(1518,'Ryan Ashen','M','NSW',4,'S','E'),(1519,'Kimberley Cortes-Cheung','F','ACT',5,'M','E'),(1520,'Shelbi Pashaj','F','VIC',4,'M','A'),(1521,'Christopher Addie','M','NT',5,'M','A'),(1522,'Hyoju Jang','F','TAS',3,'XL','B'),(1523,'Samantha Zhang','F','WA',5,'L','A'),(1524,'Heather Lawrence','F','TAS',2,'XL','I'),(1525,'Carly Ross','F','ACT',4,'M','I'),(1526,'Mia Buchanan','F','SA',3,'XS','B'),(1527,'Beth Mcgovern','F','VIC',1,'L','E'),(1528,'Susie Barton','F','QLD',1,'L','I'),(1529,'Ethan West','M','NT',2,'XXL','I'),(1530,'Mohamed Khodir','M','TAS',3,'XS','A'),(1531,'Brendan Lau','M','TAS',4,'S','I'),(1532,'Brett Johnston','M','NT',5,'M','A'),(1533,'Beatriz Agurre','F','NSW',4,'S','I'),(1534,'Jarvis Li','M','VIC',2,'XL','E'),(1535,'Jolanda Leitch','F','SA',1,'M','I'),(1536,'Sian King','F','SA',3,'XS','E'),(1537,'Ismael Zopiyatle','M','WA',5,'M','B'),(1538,'Jessica Gilday','F','NSW',5,'XS','A'),(1539,'Gianna Badamo','F','QLD',4,'XL','B'),(1540,'Matthew Seta','M','TAS',5,'S','A'),(1541,'Alex Valenzuela','M','SA',2,'M','A'),(1542,'Isaac Sheran Ramirez','M','WA',1,'S','E'),(1543,'Alison Parkinson','F','TAS',5,'M','B'),(1544,'Donald Madigan','M','QLD',4,'XXL','E'),(1545,'Domenick Moncada','M','NSW',4,'XXL','B'),(1546,'Marnie Leibinger','F','TAS',2,'M','E'),(1547,'Chris Booras','M','TAS',5,'XL','I'),(1548,'Lee Burton','M','TAS',1,'XS','B'),(1549,'Tim Sullivan','M','WA',4,'XS','E'),(1550,'Haaije Pijl','M','SA',3,'M','B'),(1551,'Fino Villani','M','ACT',2,'M','E'),(1552,'Nicholas Raffellini','M','VIC',4,'XS','B'),(1553,'Wayne Egan','M','SA',3,'S','I'),(1554,'Vickie tuapola','F','QLD',5,'L','A'),(1555,'Ryan Lin','M','SA',5,'M','B'),(1556,'William Wakefield','M','WA',5,'M','E'),(1557,'Mikaylah Thomson','F','NSW',4,'XXL','A'),(1558,'James Gillen','M','NSW',1,'L','A'),(1559,'Sarorth Am','F','ACT',3,'S','I'),(1560,'Amy Paxton','F','VIC',3,'XL','A'),(1561,'Chloe Reeve','F','SA',5,'XL','E'),(1562,'Marcia Pound','F','WA',2,'M','A'),(1563,'Maxine Lenehan','F','NSW',5,'S','B'),(1564,'Carol Meilak','F','QLD',2,'XS','A'),(1565,'Edda Flaskis','F','TAS',4,'L','I'),(1566,'Clare Wheeler','F','ACT',4,'S','I'),(1567,'Greta Dodd','F','NT',3,'XL','B'),(1568,'Dale Mcmenamin','M','TAS',2,'XL','E'),(1569,'Lee Wakefield','M','SA',1,'XS','A'),(1570,'Natasha Davies','F','WA',3,'M','B'),(1571,'Debra Corbett','F','VIC',5,'XS','I'),(1572,'John Leide','M','ACT',3,'M','I'),(1573,'Silva Stiviny','M','VIC',3,'L','A'),(1574,'Ashleigh Marshall','F','TAS',4,'XXL','I'),(1575,'Lauren Hatton','F','NT',5,'XL','I'),(1576,'Xiang Huang','M','NSW',4,'M','I'),(1577,'Victor Mavricus','M','ACT',2,'L','A'),(1578,'James Rutherford','M','NT',4,'L','B'),(1579,'Jeremy Nolan','M','VIC',4,'L','I'),(1580,'Michelle Griffiths','F','TAS',3,'S','I'),(1581,'Joseph Genovese','M','ACT',1,'XL','B'),(1582,'Fidel Nery','M','NSW',2,'L','I'),(1583,'Robert Morrison','M','TAS',4,'L','E'),(1584,'Holden Coyle','M','ACT',4,'XL','E'),(1585,'peiran ma','M','VIC',1,'S','I'),(1586,'Rachael Ackerley','F','WA',3,'XS','I'),(1587,'Kirstie Troutman','F','WA',5,'S','I'),(1588,'Scott Lamorte','M','WA',4,'M','I'),(1589,'Alphonese Trapanese','M','NSW',2,'S','A'),(1590,'John Cipollini','M','VIC',2,'M','I'),(1591,'Craig Crouch','M','TAS',4,'XS','A'),(1592,'Tom Kovacs','M','WA',3,'L','E'),(1593,'Danielle Tecarr','F','NSW',3,'XS','I'),(1594,'Deniz Ismic','M','NT',4,'XS','B'),(1595,'Johanna Vazquez-Sharman','F','TAS',4,'L','A'),(1596,'Michael Rawcliffe','M','QLD',4,'L','A'),(1597,'Joe Barbera','M','QLD',2,'XXL','E'),(1598,'Robert Newey','M','VIC',2,'XL','B'),(1599,'Lisa Emme','F','NT',4,'M','A'),(1600,'Jon-Paul Hogan','M','QLD',5,'M','A'),(1601,'Katie Ninvo','F','VIC',4,'S','E'),(1602,'John Ciuffo','M','NSW',5,'XL','A'),(1603,'Linda Benvenuti','F','WA',5,'XS','B'),(1604,'Tracey Waters','F','TAS',1,'XXL','A'),(1605,'Monique Gauci','F','WA',4,'XL','I'),(1606,'Edel Pitman','F','NT',4,'L','I'),(1607,'Kristy Boyle','F','NT',1,'S','A'),(1608,'Michael Capolongo','M','NT',2,'L','I'),(1609,'Panfilo Gomez','M','SA',2,'S','A'),(1610,'Tegan Jones','F','NSW',1,'XXL','A'),(1611,'Katherine Anticev','F','TAS',1,'M','E'),(1612,'ZihaoLi','M','ACT',3,'XS','I'),(1613,'Ronnie Crawford','M','SA',5,'L','B'),(1614,'Claire Brennan','F','WA',4,'L','B'),(1615,'Bella Bonnici','F','NSW',4,'M','E'),(1616,'Hayden Free','M','ACT',3,'XL','E'),(1617,'Sebastian Angelico','M','TAS',1,'L','A'),(1618,'Pat Chetirko','M','QLD',2,'M','I'),(1619,'Joseph Lonardo','M','SA',5,'S','I'),(1620,'Andrea Dapolito','F','VIC',3,'L','A'),(1621,'Robert Dillon','M','VIC',2,'XL','B'),(1622,'Haqing Wu','M','NSW',5,'M','A'),(1623,'Heather Radler','F','NSW',5,'L','E'),(1624,'Everson Jiang','M','SA',3,'XL','B'),(1625,'Tina Rouvray','F','QLD',2,'XL','B'),(1626,'Christine Manthey','F','VIC',5,'M','A'),(1627,'Kara Coyle','F','SA',2,'XL','E'),(1628,'Louis Messina','M','NSW',3,'L','A'),(1629,'Michael Deluca','M','QLD',2,'M','E'),(1630,'Julian Grant','M','TAS',2,'S','B'),(1631,'Marc Jones','M','NSW',3,'M','A'),(1632,'Marina Hurkmans','F','QLD',4,'XL','B'),(1633,'Nicole Gelfand','F','SA',1,'M','A'),(1634,'Steve Pellerin','M','ACT',1,'L','E'),(1635,'Andrea Grant','F','NSW',4,'L','E'),(1636,'Jonathan Mylroie','M','SA',4,'L','A'),(1637,'Joy Watson','F','WA',3,'M','A'),(1638,'Justin Harris','M','NT',2,'L','I'),(1639,'Glenroy Shippard','M','SA',4,'L','E'),(1640,'Andrew Crowley','M','WA',5,'S','A'),(1641,'Lynda Hall-Watson','F','QLD',2,'XL','I'),(1642,'Alex Melnichuk','M','NSW',5,'XS','A'),(1643,'Miquel Galindo','M','NSW',3,'L','E'),(1644,'Martin Wells','M','WA',3,'XXL','A'),(1645,'Thomas Harrington','M','WA',4,'S','A'),(1646,'Michelle Zhang','F','SA',2,'S','A'),(1647,'Paul Jacobson','M','SA',2,'XL','B'),(1648,'Pietro Giove','M','VIC',2,'XXL','E'),(1649,'Cheryl Bradley','F','SA',4,'S','A'),(1650,'Ron Edwards','M','ACT',3,'L','I'),(1651,'Robert Barkovich','M','TAS',2,'XS','A'),(1652,'Melanie Stumer','F','TAS',3,'XXL','B'),(1653,'Cruise Moore','M','NT',3,'L','I'),(1654,'Paula Buchanan','F','QLD',3,'XXL','I'),(1655,'Renee Nolan','F','NT',1,'L','A'),(1656,'Ella Erceg','F','QLD',2,'M','E'),(1657,'Katherine Baker','F','WA',2,'M','E'),(1658,'Kirsty Aspinall','F','TAS',3,'M','A'),(1659,'Anthony Zarella','M','NSW',5,'L','A'),(1660,'Louise Withnell','F','SA',3,'XXL','B'),(1661,'Savana Marie Bell','F','ACT',1,'XXL','A'),(1662,'Bernice Fitzgibbon','F','ACT',5,'XL','B'),(1663,'Matt Rutherford','M','NT',2,'XS','B'),(1664,'Joydip Majumder','M','NSW',1,'M','A'),(1665,'Brian Radburn','M','NT',3,'XXL','A'),(1666,'Kylie Purkis','F','QLD',5,'M','A'),(1667,'Nick Vahelensons','M','NSW',2,'XL','I'),(1668,'Katie Dawson','F','ACT',5,'M','I'),(1669,'Ruby Hinwood','F','VIC',2,'XS','A'),(1670,'Jianbiao Liu','M','NT',4,'XS','E'),(1671,'Matthew Bertone','M','VIC',2,'XL','B'),(1672,'Fiona Gutteridge','F','SA',1,'M','I'),(1673,'Natalie Lomax','F','NT',3,'XXL','A'),(1674,'Aria - Jade White','F','NSW',3,'S','B'),(1675,'Adele Thomson','F','TAS',3,'L','A'),(1676,'Jeff Yang','M','ACT',5,'S','I'),(1677,'Janette Rayton','F','ACT',1,'M','B'),(1678,'Tony De Pinto','M','SA',4,'S','B'),(1679,'Anthony Schwartz','M','SA',5,'S','E'),(1680,'Dave Capill','M','WA',1,'L','A'),(1681,'Elaine Reyes','F','QLD',2,'XL','I'),(1682,'Ben Kelly','M','SA',5,'M','A'),(1683,'Lou Aldorasi','M','WA',5,'XXL','B'),(1684,'Michael Boyle','M','QLD',4,'XS','B'),(1685,'Kristen Barry','F','ACT',4,'L','I'),(1686,'Will Sumner','M','ACT',3,'L','I'),(1687,'Keegan Free','M','VIC',1,'XXL','B'),(1688,'Jasmine Cadwallader','F','NSW',2,'L','B'),(1689,'Lachlan Thomson','M','NSW',4,'XS','A'),(1690,'Sally Myers','F','VIC',3,'L','E'),(1691,'Amanda Gould','F','NT',3,'S','I'),(1692,'Becky Fletcher','F','ACT',4,'XXL','I'),(1693,'Christine Shepherd','F','VIC',1,'XL','A'),(1694,'Nic Sumner','F','SA',5,'XXL','B'),(1695,'Robyn Duffield','F','SA',3,'XXL','I'),(1696,'Corey Meilak','M','VIC',2,'XXL','A'),(1697,'Eli Quintana-Mutia','M','NT',4,'M','E'),(1698,'Nina Gambino','F','NT',3,'M','I'),(1699,'Jason Latendiessi','M','QLD',1,'M','B'),(1700,'Ravi Ramaiah','M','NT',2,'S','A'),(1701,'Emma Shawcross','F','ACT',4,'XS','B'),(1702,'Teagan Barry','F','VIC',4,'S','E'),(1703,'Shane Pitman','M','WA',1,'S','I'),(1704,'Nicole Quak','F','VIC',4,'XL','I'),(1705,'Tania Wheaton','F','ACT',5,'M','E'),(1706,'Hui Hsien Liu','F','NT',4,'XL','B'),(1707,'Lee Lawrenson','M','ACT',5,'S','A'),(1708,'Tryan Ciuffo','M','QLD',1,'L','E'),(1709,'Pat Burden','F','TAS',4,'M','E'),(1710,'Julie Kenderdine','F','WA',5,'XL','B'),(1711,'Ana Sas','F','WA',3,'L','B'),(1712,'Siena Crawford','F','VIC',1,'S','I'),(1713,'Katie Nigro','F','SA',5,'M','I'),(1714,'Heidi McDonald','F','VIC',1,'XS','B'),(1715,'Vikki Kemp','F','ACT',1,'XS','B'),(1716,'Graham Fraser','M','SA',1,'XS','E'),(1717,'Julianna Bassano','F','WA',3,'L','A'),(1718,'Greg Bendeich','M','NT',4,'XS','B'),(1719,'Caroline Orlando','F','WA',2,'XS','E'),(1720,'James Nancarrow','M','NT',3,'S','E'),(1721,'Barbara Wicks','F','WA',4,'S','I'),(1722,'Ac Esparragoza','M','TAS',1,'XL','I'),(1723,'Christian Huxley','M','TAS',2,'S','A'),(1724,'Toby Biegel-Massa','F','ACT',5,'L','B'),(1725,'Sophia Firpo','F','VIC',1,'M','I'),(1726,'Sara Chiu','F','TAS',5,'L','B'),(1727,'Diana Gil','F','TAS',2,'XXL','I'),(1728,'Nev Quak','M','SA',3,'S','I'),(1729,'Hannah Broadhurst','F','NT',2,'S','B'),(1730,'Qirui Deng','M','NT',5,'M','B'),(1731,'Peter Anderson','M','QLD',4,'XL','A'),(1732,'Shanshan Li','F','ACT',5,'S','I'),(1733,'Dana Spinelli','F','NSW',1,'XS','E'),(1734,'Lyndsey Wise','F','VIC',5,'S','A'),(1735,'Ellen Carrell','F','ACT',1,'L','B'),(1736,'Olivia Bonviso','F','TAS',2,'XS','B'),(1737,'Ian Gliddon','M','TAS',5,'M','I'),(1738,'Sally Parr','F','QLD',2,'S','I'),(1739,'Jorge Hernandez','M','NSW',1,'S','E'),(1740,'yingwei zhang','M','NSW',4,'M','A'),(1741,'Cameron Johnston','M','NT',5,'XL','B'),(1742,'Keren Brown','F','SA',5,'S','I'),(1743,'Rosanne Murphy','F','TAS',2,'L','E'),(1744,'Kristie Langley-Gliddon','F','NSW',3,'XXL','E'),(1745,'Charlie Parker','M','SA',2,'XL','I'),(1746,'Christophe Balczonas','M','ACT',5,'S','A'),(1747,'Cesare Lucido','M','NT',5,'XL','I'),(1748,'Tazio Cutrona','M','WA',5,'XS','B'),(1749,'Brittany Dumon','F','TAS',4,'XL','A'),(1750,'Simon Goodhew','M','VIC',4,'M','E'),(1751,'Rebecca Oldnall','F','WA',2,'XXL','I'),(1752,'Emma Park','F','NSW',1,'S','E'),(1753,'Jaden Casanova','M','SA',5,'S','E'),(1754,'Amelia Chan','F','TAS',5,'L','A'),(1755,'Deb Burdfield','F','VIC',3,'L','A'),(1756,'Sozan Awrahm','F','SA',5,'L','E'),(1757,'Terry Taaffe','M','SA',1,'XL','A'),(1758,'Karlene Govender','F','QLD',3,'M','B'),(1759,'Peter Gangemi','M','ACT',4,'L','B'),(1760,'Jason Wei','M','ACT',1,'L','I'),(1761,'Aaron Collis','M','QLD',5,'M','B'),(1762,'Wayne Harrison','M','ACT',4,'M','B'),(1763,'Jayden Irvine','M','QLD',3,'M','A'),(1764,'Natalie Wilson','F','VIC',2,'S','E'),(1765,'Daniel Kane','M','ACT',3,'S','I'),(1766,'Daniel Cheever','M','SA',2,'L','B'),(1767,'Lucy Stanley','F','TAS',4,'S','B'),(1768,'Solita Lightfoot','F','SA',3,'L','E'),(1769,'Lizanne Hodgens','F','TAS',3,'L','B'),(1770,'Isabella Swinnerton','F','NT',1,'M','A'),(1771,'Lauren Ball','F','ACT',5,'XXL','B'),(1772,'Kurt Argent','M','NT',2,'L','E'),(1773,'Gabbie Avallone','F','NSW',2,'XL','I'),(1774,'Darren Grashuis','M','ACT',4,'L','A'),(1775,'Aaliyah Brown','F','TAS',1,'L','I'),(1776,'Sonia Watson','F','ACT',2,'S','B'),(1777,'Ivars Rinki','M','VIC',4,'S','B'),(1778,'stephane moulin','M','QLD',1,'XL','A'),(1779,'Mary Scott','F','TAS',5,'XL','I'),(1780,'Matthew Murray','M','NT',2,'XL','A'),(1781,'Adriana Popovec','F','ACT',2,'S','E'),(1782,'Crystal Tang','F','NT',3,'XL','A'),(1783,'Tim Zhakselekov','M','SA',5,'L','B'),(1784,'Katie Marsala','F','ACT',2,'XL','B'),(1785,'Mario Montouri','M','WA',3,'L','E'),(1786,'Bev Hewitson','F','QLD',5,'S','I'),(1787,'Lisa Argent','F','WA',5,'L','E'),(1788,'Martin Rankin','M','NSW',2,'XL','B'),(1789,'Amanda Richardson','F','NSW',4,'M','B'),(1790,'Angela Conte','F','NSW',4,'M','B'),(1791,'Pascal Boucher','M','VIC',4,'XS','I'),(1792,'Michael Potestio','M','TAS',2,'L','B'),(1793,'Denis Doda','M','NT',5,'M','E'),(1794,'Maximillian Hauser','M','VIC',4,'M','E'),(1795,'Sarah Winstanley','F','QLD',2,'XL','B'),(1796,'Benjamin Aitken','M','QLD',3,'L','A'),(1797,'Adrian Mysliwiec','M','VIC',2,'XXL','E'),(1798,'Alison Stansfield','F','QLD',1,'XS','A'),(1799,'Brooklyn Heselden','F','VIC',4,'XS','E'),(1800,'Kerry Sear','F','ACT',1,'XL','A'),(1801,'Michael Gragnaniello','M','QLD',2,'S','B'),(1802,'Alexander Alacan','M','NSW',3,'XL','I'),(1803,'Larry Moss','M','ACT',4,'M','I'),(1804,'Nicole Zhang','F','NSW',2,'L','A'),(1805,'Max Borowiec','M','NT',4,'M','A'),(1806,'Faith Anderson','F','WA',5,'XXL','B'),(1807,'Sophie Pilkington','F','VIC',3,'XXL','I'),(1808,'Theresa Dunigan','F','ACT',4,'XXL','A'),(1809,'Alyssa Rouillier','F','WA',5,'M','A'),(1810,'Susanne Meegan','F','SA',4,'M','A'),(1811,'Chloe Liu','F','QLD',1,'M','B'),(1812,'Jordan Mooney','F','NSW',5,'XL','B'),(1813,'Carol Rhodes','F','WA',1,'L','E'),(1814,'Marrisa Fracea','F','SA',4,'M','B'),(1815,'Amadeo Finocchiaro','M','TAS',1,'L','I'),(1816,'Paul Fitzpatrick','M','NT',3,'M','A'),(1817,'Michelle Clapham','F','VIC',1,'XXL','B'),(1818,'Jennifer Mackay-Ortiz','F','ACT',1,'L','E'),(1819,'Stephen Towler','M','NSW',4,'L','I'),(1820,'Samantha Bernardes','F','QLD',4,'XL','A'),(1821,'Alexa Bruggemann','F','SA',3,'XS','E'),(1822,'Jack Sicari','M','VIC',4,'S','E'),(1823,'Jason Barton','M','TAS',3,'XS','A'),(1824,'Alison Shields','F','NT',3,'L','A'),(1825,'Julian Alacan','M','NT',2,'S','I'),(1826,'Alexandra Chabot','F','ACT',5,'XL','B'),(1827,'Nick Hyland','M','VIC',2,'S','A'),(1828,'Oliver Moogan','M','QLD',4,'M','A'),(1829,'Peter Mahoney','M','NT',5,'XL','E'),(1830,'Lisa Daccache','F','NT',2,'L','E'),(1831,'Jenson van der Merwe','M','NT',5,'XXL','B'),(1832,'andrew OBrien','M','WA',3,'XL','I'),(1833,'Rose Wilson','F','TAS',5,'L','B'),(1834,'Samantha Mitchell','F','QLD',2,'XXL','A'),(1835,'Eric McMullen','M','NSW',5,'M','E'),(1836,'Andie Economos','F','NT',3,'XXL','B'),(1837,'Vearney Frost','F','NT',2,'XS','E'),(1838,'Joe Mccann','M','NT',1,'L','E'),(1839,'Brooke Appel','F','VIC',3,'L','B'),(1840,'Chrissy Thompson','F','NSW',1,'XL','E'),(1841,'Zoe Cain','F','QLD',2,'S','I'),(1842,'Sam Bonnici','M','VIC',2,'L','B'),(1843,'Karen Ritky','F','NT',5,'XXL','A'),(1844,'Hope Cucuzza','F','WA',3,'XL','E'),(1845,'Cindy Han','F','NT',3,'S','I'),(1846,'Cathy-Lee Cunningham','F','TAS',2,'XXL','A'),(1847,'Benson Lin','M','VIC',4,'S','A'),(1848,'Felipe Cifuentes','M','QLD',2,'XL','I'),(1849,'Victor Ramirez','M','NSW',1,'XXL','E'),(1850,'Alison Henwood','F','SA',4,'XL','B'),(1851,'Nelson Corones','M','NSW',3,'XL','B'),(1852,'Carmel Grashuis','F','QLD',3,'XL','E'),(1853,'Madison Isaksen','F','TAS',4,'L','B'),(1854,'Dave Kuresa','M','ACT',3,'L','E'),(1855,'Jason Milton','M','WA',3,'L','B'),(1856,'Melissa Huizer','F','NT',3,'XL','I'),(1857,'Chris Hall','M','WA',2,'XS','B'),(1858,'John Leone','M','NSW',1,'S','A'),(1859,'Shaun Avallone','M','WA',3,'XXL','I'),(1860,'Souky Littitisack','F','TAS',4,'S','A'),(1861,'Brian Pack','M','VIC',5,'XL','E'),(1862,'Hannah Crompton','F','QLD',2,'XXL','I'),(1863,'Victoria Thompson','F','ACT',4,'XS','B'),(1864,'Daniel Sunderland','M','TAS',5,'XXL','A'),(1865,'Wendy Wei','F','VIC',1,'S','A'),(1866,'Lisa Viloria','F','QLD',1,'L','A'),(1867,'Anne Kurkinen','F','SA',3,'XS','A'),(1868,'Sandy Towler','F','ACT',3,'L','E'),(1869,'Craig Dixon','M','ACT',1,'XL','B'),(1870,'Greg Baker','M','TAS',2,'L','A'),(1871,'Melanie Seymon','F','QLD',4,'XS','E'),(1872,'Sandra Goetz','F','NSW',5,'XL','E'),(1873,'Kristie Scarr','F','NSW',1,'M','I'),(1874,'Christina Grainger','F','ACT',3,'S','I'),(1875,'Edyta Wozniak','F','WA',2,'M','B'),(1876,'Samantha Hill','F','QLD',3,'L','B'),(1877,'Yuxin Li','M','VIC',3,'M','E'),(1878,'Thomas Joyce','M','TAS',1,'XS','A'),(1879,'Sethi Blare','F','NSW',3,'S','B'),(1880,'Natalie OBrien','F','SA',1,'XS','B'),(1881,'Noel Ducray','M','TAS',3,'XS','I'),(1882,'Matthew Harris','M','NT',5,'L','E'),(1883,'Neil Leadbetter','M','ACT',5,'XL','E'),(1884,'Olivia Pecak','F','WA',1,'M','E'),(1885,'Dallas Huizer','F','WA',4,'M','I'),(1886,'Phillip Kolmykob','M','VIC',4,'XXL','B'),(1887,'Helen Sahgal','F','TAS',3,'M','B'),(1888,'Marie Anny Anikulapo','F','NSW',3,'M','I'),(1889,'Madalene van Koeverden','F','NSW',5,'M','B'),(1890,'Lucie Clipston','F','VIC',1,'S','A'),(1891,'Sheree Thomson','F','SA',3,'XXL','A'),(1892,'Myrick Mutia','M','SA',4,'XXL','B'),(1893,'Jill Gardiner','F','VIC',4,'L','I'),(1894,'Joseph Occhiuto','M','VIC',1,'L','I'),(1895,'Katie Paddock','F','NSW',1,'XS','E'),(1896,'Clare Carley','F','NT',5,'XXL','I'),(1897,'Allan Medland','M','VIC',1,'L','I'),(1898,'Matthew Shen','M','VIC',2,'S','I'),(1899,'Harrison Gill','M','SA',5,'M','E'),(1900,'Carson Steven','M','NT',2,'S','E'),(1901,'Simon Christen','M','NT',3,'XS','B'),(1902,'Michael Gutman','M','NSW',2,'M','A'),(1903,'Teddy Bonnici','M','VIC',5,'M','I'),(1904,'Jo Roberts','F','NT',1,'XL','E'),(1905,'Elaine Watling','F','ACT',3,'M','I'),(1906,'Paul Siconolfi','M','NT',3,'S','B'),(1907,'Narelle Oshea','F','SA',2,'S','A'),(1908,'Christopher Mcelduff','M','WA',5,'S','E'),(1909,'Caroline Connolly','F','VIC',4,'M','B'),(1910,'Amber Barber','F','NT',1,'XS','A'),(1911,'Louise Rutherford','F','NT',3,'XL','A'),(1912,'Chantelle Lau','F','NT',2,'XL','I'),(1913,'Paul Gardner','M','QLD',4,'S','E'),(1914,'Sean OBrien','M','WA',4,'M','A'),(1915,'Jihyun Park','F','ACT',3,'XL','A'),(1916,'Michael Grady','M','NSW',4,'S','B'),(1917,'Michelle Ring','F','VIC',4,'XS','B'),(1918,'Matt Nolan','M','QLD',4,'L','A'),(1919,'Rachel Glendening','F','WA',2,'M','I'),(1920,'Amanda Goodwin','F','NT',3,'S','I'),(1921,'Lindsey Collins','F','TAS',1,'L','B'),(1922,'Caren Klavsen','F','WA',4,'S','I'),(1923,'Alyssa Quak','F','VIC',3,'XL','A'),(1924,'Jenna Cedeno','F','SA',2,'XXL','A'),(1925,'Leanne Mole','F','ACT',5,'XL','B'),(1926,'Jake Lucas','M','ACT',5,'XL','I'),(1927,'David Sheedy','M','NSW',5,'XL','I'),(1928,'Anne Smith','F','NT',1,'XL','E'),(1929,'Hugo Hinwood','M','QLD',2,'L','B'),(1930,'Joanna Smith','F','SA',3,'S','I'),(1931,'Paul Mitsopoulos','M','NT',4,'XL','A'),(1932,'Maureen Morrison','F','WA',3,'S','I'),(1933,'Liz Petch','F','QLD',2,'S','B'),(1934,'Kelly Joseph','F','SA',4,'S','A'),(1935,'David Dillon','M','NT',5,'XXL','A'),(1936,'Larissa Cleary','F','TAS',1,'M','A'),(1937,'Jackson Huang','M','NT',3,'XL','A'),(1938,'Tracey Paxton','F','VIC',4,'M','A'),(1939,'Mark Thomas','M','WA',5,'L','B'),(1940,'Robert Stansfield','M','WA',5,'XL','E'),(1941,'Michael McGuiness','M','NT',4,'M','I'),(1942,'Melissa Free','F','VIC',2,'M','I'),(1943,'Liping Su','F','SA',4,'XL','A'),(1944,'Amelia Seymon','F','VIC',5,'XS','I'),(1945,'Jane Sacrey','F','WA',2,'L','A'),(1946,'Jill Coates','F','NSW',3,'L','E'),(1947,'Tracey Howley','F','VIC',2,'M','B'),(1948,'Helen Patten','F','TAS',2,'M','I'),(1949,'Mia Jackson','F','SA',1,'XL','E'),(1950,'Laura Renke','F','VIC',2,'M','A'),(1951,'Wei Deng','F','NT',2,'XL','I'),(1952,'William Piccininni','M','VIC',2,'XXL','A'),(1953,'Michael Fealy','M','QLD',5,'L','A'),(1954,'Savithri Herath','F','WA',1,'S','A'),(1955,'Michelle Dippelsman','F','NT',3,'XS','A'),(1956,'Andrea Marshall','F','NT',1,'S','I'),(1957,'Mel Haley','F','NT',1,'L','E'),(1958,'Jennifer Chen','F','NT',1,'S','A'),(1959,'Kirsty Coleman','F','VIC',2,'L','I'),(1960,'Riley Free','M','NT',1,'L','A'),(1961,'Matthew Harty','M','QLD',5,'M','A'),(1962,'Adnane Khairy','M','NT',5,'XS','E'),(1963,'Maria Tait','F','WA',4,'XS','A'),(1964,'Alicia Myers','F','WA',4,'XS','A'),(1965,'Renee Jeffery','F','WA',4,'S','A'),(1966,'Anthony Bentivegna','M','ACT',2,'L','A'),(1967,'Mary Conway','F','ACT',3,'M','E'),(1968,'Jennifer Grandpre','F','ACT',1,'XL','A'),(1969,'Thomas Johnston','M','WA',4,'XL','E'),(1970,'Nigel Crawford','M','TAS',2,'XL','E'),(1971,'Kaitlyn Rouillier','F','ACT',1,'L','B'),(1972,'Jaime Rodriguez','F','NSW',1,'M','E'),(1973,'Carol Cipollini','F','NSW',1,'M','I'),(1974,'Lisa Gardner','F','TAS',3,'M','E'),(1975,'Kathy Taylor','F','WA',2,'L','E'),(1976,'Magnus Tan','M','NSW',5,'M','E'),(1977,'Selena Tan','F','QLD',1,'XL','B'),(1978,'Jo Kay','F','WA',4,'XL','I'),(1979,'Alan Simpson','M','SA',2,'S','E'),(1980,'Meredith Davey','F','QLD',3,'L','I'),(1981,'Mikayla Rosales','F','WA',4,'XXL','I'),(1982,'Steve Balfour','M','TAS',3,'L','E'),(1983,'Mike Ryan','M','QLD',1,'S','A'),(1984,'Rachel Long','F','ACT',4,'M','B'),(1985,'Taylor Mason','F','TAS',3,'L','B'),(1986,'Matthew Paxton','M','VIC',1,'M','I'),(1987,'Zhengbin yan','M','TAS',4,'L','A'),(1988,'Susan Moore','F','NT',2,'L','A'),(1989,'William Busam','M','SA',3,'M','B'),(1990,'Jasper Wu','M','VIC',4,'XL','A'),(1991,'Erik Kleczkowski','M','TAS',1,'M','E'),(1992,'Maria Stoupakis','F','ACT',1,'S','A'),(1993,'Dave Tozer','M','ACT',2,'S','B'),(1994,'Indy Maile','M','QLD',2,'XXL','I'),(1995,'Michael Oshea','M','ACT',1,'L','E'),(1996,'Julia Holland','F','SA',4,'S','E'),(1997,'Melanie Piccininni','F','WA',3,'S','E'),(1998,'Sandie McQueen','F','QLD',3,'S','I'),(1999,'Jacob yan','M','VIC',1,'L','B'),(2000,'Liz Patterson','F','QLD',5,'L','A'),(2001,'Shane Johnston','M','WA',2,'L','I'),(2002,'Lorraine Shaw','F','ACT',5,'L','I'),(2003,'Craig Goldsworthy','M','WA',3,'XL','E'),(2004,'Sandy Lau','F','NSW',5,'M','B'),(2005,'Bianca Madden','F','WA',1,'XL','A'),(2006,'Nicole Yu','F','WA',2,'M','A'),(2007,'Maria Palafox','F','ACT',4,'L','E'),(2008,'Matthew Holmes','M','WA',2,'L','I'),(2009,'Makalya Murphy','F','NT',2,'L','E'),(2010,'Paul Maggs','M','NSW',3,'XS','B'),(2011,'Lisa Lubarsky','F','ACT',4,'S','B'),(2012,'Kelly Markich','F','VIC',4,'M','E'),(2013,'Helen Sims','F','NSW',5,'M','A'),(2014,'Charlie Marchese','M','TAS',5,'S','E'),(2015,'Kaelan Sharpe','M','VIC',4,'XXL','I'),(2016,'Ian Thompson','M','NT',1,'L','A'),(2017,'Bonni Moss','F','WA',2,'XL','E'),(2018,'Luke Bendeich','M','TAS',4,'S','B'),(2019,'Irene Chan','F','QLD',5,'M','B'),(2020,'Sue Jezzard','F','ACT',4,'XL','B'),(2021,'Luka Warlters','M','ACT',2,'L','B'),(2022,'Mark Hodder','M','VIC',2,'M','I'),(2023,'Kevin Duffy','M','SA',2,'S','A'),(2024,'Arin Yoo','F','TAS',1,'XXL','I'),(2025,'Jocelyn Liu','F','TAS',1,'XXL','E'),(2026,'Trevor Adams','M','SA',1,'S','A'),(2027,'Jazmine Alvarez','F','ACT',4,'S','I'),(2028,'Robin Wilkicki','F','QLD',5,'XL','B'),(2029,'Nicholas Kishcheno','M','SA',5,'XXL','B'),(2030,'Julie Carson','F','NSW',1,'M','A'),(2031,'Sabrina Sciabica','F','SA',3,'S','I'),(2032,'Colleen Charlton','F','TAS',5,'L','I'),(2033,'Robert Dickison','M','NT',3,'S','A'),(2034,'Aidan Greg','M','WA',2,'M','B'),(2035,'Mags Griffiths','F','NT',5,'XL','I'),(2036,'Lorette Bagnara','F','WA',3,'XL','E'),(2037,'Cheryl Rider','F','NT',1,'XL','I'),(2038,'Nate Blake','M','SA',5,'XS','I'),(2039,'Richard Badamo','M','VIC',1,'XXL','A'),(2040,'Christopher Bridge','M','NSW',2,'M','I'),(2041,'Tracey Simcock','F','NT',2,'S','B'),(2042,'Corrie Davel','M','SA',3,'L','A'),(2043,'Ella Rosales','F','SA',3,'L','B'),(2044,'Katherine Miller','F','TAS',5,'L','E'),(2045,'Gill Rushworth','F','WA',5,'XL','A'),(2046,'Sangphil Oh','M','ACT',2,'M','B'),(2047,'Anika Gjeshbitraj','F','NT',2,'S','I'),(2048,'Noah Chu','M','VIC',4,'L','E'),(2049,'Brian Schneider','M','WA',4,'M','I'),(2050,'Luis Davila','M','ACT',2,'S','A'),(2051,'Mal Duffy','M','VIC',1,'XL','A'),(2052,'Paul Bailey','M','VIC',3,'XXL','A'),(2053,'Lauren Telford','F','QLD',4,'M','A'),(2054,'Di Hazel','F','NT',2,'XL','A'),(2055,'Tanya Greene','F','WA',3,'XL','A'),(2056,'Samantha Duffy','F','WA',1,'M','B'),(2057,'Karen Coppock','F','NSW',1,'S','A'),(2058,'Shuo Liang','F','WA',4,'M','B'),(2059,'John Sorocco','M','NT',4,'S','E'),(2060,'Nathan Bendeich','M','QLD',5,'XS','E'),(2061,'Rosemary Donley','F','WA',4,'XXL','B'),(2062,'Dana Adan','F','NSW',3,'M','A'),(2063,'Dave Virgo','M','SA',5,'XXL','B'),(2064,'Brian Gillen','M','QLD',1,'L','A'),(2065,'Paul Medordi','M','NSW',3,'XL','E'),(2066,'Edward Servider','M','NSW',2,'S','I'),(2067,'Kylie Newey','F','SA',5,'L','B'),(2068,'Bradley Cusens','M','SA',5,'M','B'),(2069,'Karen Manciocchi','F','WA',4,'S','B'),(2070,'Elmo Adan','M','TAS',5,'XXL','I'),(2071,'Stephanie Atkinson','F','ACT',5,'XL','A'),(2072,'Ian Patterson','M','VIC',3,'S','B'),(2073,'Jamie Fry','M','WA',1,'S','B'),(2074,'Imogen Bertsch','F','ACT',2,'XL','B'),(2075,'Marian Fraser','F','VIC',5,'L','A'),(2076,'Monique Ballard','F','ACT',1,'S','I'),(2077,'Tracey Johnson','F','ACT',3,'XS','I'),(2078,'John Longhurst','M','VIC',3,'XL','A'),(2079,'Chris Corby','M','NSW',2,'XXL','A'),(2080,'Rick Pedley-Smith','M','NSW',3,'XL','E'),(2081,'Phillip Evans','M','VIC',2,'L','A'),(2082,'Jade Morris','F','NT',1,'S','E'),(2083,'Michael Cintorrino','M','ACT',1,'XL','B'),(2084,'Paul Free','M','QLD',1,'S','A'),(2085,'Chad Vincent','M','WA',5,'XL','E'),(2086,'Adeline Viniko','F','VIC',1,'M','B'),(2087,'Noel Phelan','M','WA',2,'S','E'),(2088,'Ed Nogol','M','VIC',5,'XL','E'),(2089,'Shelley Cater-Shipway','F','SA',1,'L','E'),(2090,'Greg Casale','M','VIC',4,'XL','B'),(2091,'Laura Guy','F','ACT',2,'S','I'),(2092,'Bridget Judd','F','VIC',4,'L','A'),(2093,'Joanne Hargreaves','F','ACT',4,'L','A'),(2094,'Ian Morton','M','ACT',2,'XL','E'),(2095,'Lily Chiu','F','QLD',5,'S','A'),(2096,'Evie Griffiths','F','ACT',4,'M','B'),(2097,'Kora Slyvia','F','QLD',2,'S','I'),(2098,'Sean Biscocho','M','NT',3,'L','A'),(2099,'Carol Heaton','F','NT',1,'XL','B'),(2100,'Sue Gautrey','F','ACT',5,'XL','E'),(2101,'Vinny Angelico','M','TAS',2,'XL','E'),(2102,'Julie Tyrer','F','NSW',1,'L','A'),(2103,'Xue Li Da','M','SA',2,'L','E'),(2104,'Sharon Keepe','F','QLD',1,'XL','A'),(2105,'ALison Lucas','F','QLD',5,'S','I'),(2106,'Justin Talvy','M','WA',1,'L','A'),(2107,'Sarah Nye','F','ACT',3,'L','I'),(2108,'Jo Price','F','WA',3,'XL','I'),(2109,'Bede Mudge','M','SA',3,'S','B'),(2110,'Hayley Nankivell','F','QLD',3,'M','A'),(2111,'Eva Calixto','F','SA',4,'XL','I'),(2112,'Mekaeel Khan','M','ACT',4,'XS','E'),(2113,'Karen Elleray','F','WA',3,'M','B'),(2114,'Lorraine Worden','F','QLD',5,'XXL','B'),(2115,'Lesley Nixon','F','VIC',2,'M','B'),(2116,'Nicole Romano','F','VIC',3,'XL','B'),(2117,'Jessica Mastrandrea','F','TAS',2,'XL','A'),(2118,'Angela Finocchiaro','F','TAS',4,'L','I'),(2119,'Charles Burns','M','WA',3,'M','A'),(2120,'Sally Parkinson','F','WA',2,'XL','E'),(2121,'Beth Pedley-Smith','F','SA',5,'L','A'),(2122,'Jason Steiner','M','ACT',2,'L','E'),(2123,'Michelle Mcculloch','F','VIC',5,'S','A'),(2124,'Craig Collard','M','VIC',1,'XL','A'),(2125,'Emma Cowan','F','SA',3,'XXL','A'),(2126,'Sonya Spencer','F','QLD',2,'XS','A'),(2127,'David Parkinson','M','VIC',2,'XS','A'),(2128,'Xiaosu Zhang','F','SA',2,'XS','A'),(2129,'Vincent Como','M','QLD',5,'S','E'),(2130,'Michael Brannick','M','WA',3,'XS','B'),(2131,'Sam Rakhmanov','M','NSW',4,'XL','A'),(2132,'Paul Marshall','M','WA',3,'L','E'),(2133,'Chao Zhang','M','NSW',4,'XL','B'),(2134,'Paul Jones','M','TAS',2,'XL','I'),(2135,'James Amrani','M','NT',4,'L','B'),(2136,'Claire Murray','F','NT',1,'XXL','I'),(2137,'Wendy Rounds','F','QLD',3,'M','A'),(2138,'Brandon Conceicao','M','NSW',3,'M','I'),(2139,'Carlee Erceg','F','SA',5,'S','I'),(2140,'Brooke Lavelle','F','NSW',4,'S','E'),(2141,'Michelle Reardon','F','SA',5,'XXL','I'),(2142,'Natalie Oconnor','F','VIC',3,'M','I'),(2143,'Sarah Laurence','F','NT',3,'XXL','I'),(2144,'Pamela Quinn','F','SA',4,'S','B'),(2145,'Sarah Green','F','VIC',5,'XL','E'),(2146,'Perdo Medina','M','VIC',3,'L','E'),(2147,'Jessica Sharpe','F','TAS',5,'L','I'),(2148,'Vivienne Yoon','F','NSW',5,'S','B'),(2149,'Emma Mahoney','F','TAS',3,'L','A'),(2150,'Jenna Sagaria','F','NSW',1,'M','I'),(2151,'Samantha Edwards','F','VIC',1,'M','A'),(2152,'Izabela Jablonska','F','VIC',3,'XS','B'),(2153,'Joshua Braam','M','NSW',5,'L','I'),(2154,'Jilly Stansfield','F','SA',2,'M','B'),(2155,'Benny Parrelli','M','NSW',4,'XXL','A'),(2156,'Louise Wildman','F','TAS',1,'L','A'),(2157,'Omar Ibrahim','M','NT',4,'XL','I'),(2158,'Todd Carrell','M','VIC',1,'L','A'),(2159,'Nick Pellegrino','M','TAS',2,'XL','A'),(2160,'Kerri Hawkins','F','QLD',3,'L','A'),(2161,'Vitaliana Crawford','F','WA',4,'S','B'),(2162,'Chastity Cheung','F','VIC',3,'XL','I'),(2163,'Steven Wright','M','SA',2,'L','A'),(2164,'Nick Barbero','M','SA',1,'L','E'),(2165,'Kristian Stone','M','TAS',3,'XXL','E'),(2166,'Paula Halliwell','F','NT',3,'XL','E'),(2167,'Sheila Wojtasik','F','NSW',3,'S','E'),(2168,'Michael Ciuffo','M','NT',1,'XL','B'),(2169,'Sienna Longhurst','F','NT',5,'XS','E'),(2170,'Brooke Manning','F','SA',3,'XL','E'),(2171,'Carmine Gragnaniello','M','NSW',2,'L','I'),(2172,'Sara Dubois','F','ACT',2,'L','A'),(2173,'Nicholas Runfola','M','QLD',1,'M','E'),(2174,'Girish Verma','M','VIC',4,'S','E'),(2175,'Marianne Huxley','F','SA',2,'XS','A'),(2176,'Louise Duckworth','F','NSW',4,'S','I'),(2177,'Melissa Boucher','F','SA',2,'S','A'),(2178,'Amy Crompton','F','VIC',2,'XL','E'),(2179,'Chloe van Wyk','F','ACT',3,'L','A'),(2180,'Jane Greaves','F','QLD',5,'XL','I'),(2181,'Jodi Poulsen','F','NSW',4,'XS','B'),(2182,'Will Bonnici','M','QLD',2,'XL','I'),(2183,'Greg Messana','M','WA',3,'L','A'),(2184,'Macy Myers','F','ACT',2,'L','A'),(2185,'Frank Sarcona','M','WA',2,'XL','I'),(2186,'Jeffrey Chetirko','M','QLD',3,'M','E'),(2187,'Sue Sharples','F','VIC',2,'S','B'),(2188,'Chrisden Russ','M','NSW',1,'L','E'),(2189,'Adam Grashuis','M','VIC',2,'XXL','A'),(2190,'Eric Sandell','M','WA',3,'XS','E'),(2191,'Todd Winton','M','VIC',3,'L','A'),(2192,'Carole Binks','F','WA',5,'L','E'),(2193,'Alexander Melnick','M','SA',1,'S','A'),(2194,'Luke HATHERLEY','M','TAS',5,'XL','E'),(2195,'Debbie Maile','F','NT',2,'XL','B'),(2196,'Tristan Symes','M','ACT',3,'M','E'),(2197,'Maelee Tsang','F','QLD',5,'S','B'),(2198,'Brian Sucich','M','SA',3,'M','A'),(2199,'Rob Wallace','M','QLD',5,'M','B'),(2200,'Joesie McCarthy','F','NT',1,'XS','I'),(2201,'Alea van der Merwe','F','TAS',2,'XL','I'),(2202,'Payton Latendresse','M','VIC',1,'XXL','B'),(2203,'Lara Logan','F','SA',5,'M','B'),(2204,'Denise Morris','F','ACT',4,'S','B'),(2205,'Derek Heywood','M','TAS',4,'M','B'),(2206,'Joseph Squillacion','M','TAS',5,'S','I'),(2207,'Ana Sasman','F','WA',4,'XS','A'),(2208,'Clare Sinclair','F','SA',1,'S','E'),(2209,'Emily Cotugno','F','SA',3,'M','A'),(2210,'Coral Shaw','F','NSW',1,'S','E'),(2211,'Craig Lucas','M','SA',1,'S','E'),(2212,'Kaitlyn Elliott','F','VIC',1,'XS','B'),(2213,'Annie Hodgskinson','F','QLD',1,'M','B'),(2214,'Russell Clifford','M','SA',5,'XXL','B'),(2215,'Jeffrey Stamborski','M','ACT',3,'M','B'),(2216,'Vincent Nappi','M','VIC',4,'XS','E'),(2217,'Kaye Bellamy','F','VIC',5,'S','B'),(2218,'Cassie Boyle','F','ACT',5,'XL','I'),(2219,'Nick Dibella','M','SA',5,'L','A'),(2220,'Oscar Henwood','M','ACT',3,'S','E'),(2221,'Grace Moroney','F','ACT',2,'L','A'),(2222,'Rui Zhao','M','ACT',2,'M','E'),(2223,'Andrew Farrimond','M','VIC',3,'S','B'),(2224,'Stefano Gambino','M','VIC',2,'M','I'),(2225,'Jean Wang','F','QLD',4,'XL','E'),(2226,'Daniil Tatsenko','M','WA',4,'XL','E'),(2227,'Alan Revie','M','VIC',5,'S','E'),(2228,'Melissa Houghton','F','ACT',3,'S','A'),(2229,'Michelle Green','F','VIC',3,'S','A'),(2230,'Jose Davila','M','SA',2,'M','E'),(2231,'Vivienne Buttigieg','F','TAS',2,'S','B'),(2232,'Matt Glover','M','QLD',2,'L','E'),(2233,'Matt Humeniuk','M','WA',1,'S','B'),(2234,'Jose Dasouza','M','WA',4,'L','B'),(2235,'Julianna Dileo','F','SA',5,'L','A'),(2236,'Emmanuelle Lavelle','F','VIC',4,'M','I'),(2237,'Wignall Paul','M','NSW',5,'S','A'),(2238,'Luca Aureli','M','ACT',5,'M','E'),(2239,'Charlotte Clapham','F','VIC',2,'L','I'),(2240,'Melinda Aslin','F','VIC',4,'M','B'),(2241,'Richard Runfola','M','SA',5,'S','E'),(2242,'Nicholas Trapp','M','WA',4,'XXL','A'),(2243,'Caitlyn Halloran','F','NT',2,'XL','I'),(2244,'Vincent Contini','M','QLD',5,'XL','E'),(2245,'Lori Robtoy','F','WA',3,'XS','E'),(2246,'Donald Bischoff','M','QLD',1,'S','A'),(2247,'Helen Jackson','F','SA',1,'XL','E'),(2248,'Rebecca Moogan','F','NSW',2,'XL','A'),(2249,'Thomas Petch','I','QLD',5,'XL','I'),(2250,'Thomas King','M','NT',2,'XS','A'),(2251,'Gabbie Orlando','F','SA',5,'M','E'),(2252,'Liselle Morris','F','SA',5,'XXL','B'),(2253,'Emma Tipper','F','NT',3,'L','I'),(2254,'Sami Porter','F','ACT',1,'M','I'),(2255,'Charlotte Rayner','F','NSW',2,'XXL','B'),(2256,'Jeff Comerford','M','TAS',4,'L','E'),(2257,'Caleb Commerford','M','QLD',2,'M','B'),(2258,'Gregory Jenkins','M','WA',5,'L','I'),(2259,'Ann Woo','F','WA',4,'M','B'),(2260,'Magda Mackiewicz','F','TAS',5,'S','E'),(2261,'Susan Heath','F','TAS',1,'XL','B'),(2262,'Krystal Mcmillan','F','NT',2,'M','A'),(2263,'Naveah Norman','F','NSW',2,'S','A'),(2264,'Louise Bentley','F','TAS',2,'XS','A'),(2265,'Meta Mattin','F','TAS',4,'S','I'),(2266,'Dj Morrelli','M','SA',2,'XL','B'),(2267,'David Grundy','M','WA',4,'XL','I'),(2268,'Idris Burkhardt','M','NSW',1,'XL','E'),(2269,'Sue Pollitt','F','ACT',3,'XS','A'),(2270,'Georgia Elliott','F','NSW',3,'XS','I'),(2271,'Lalo Brito','M','ACT',3,'XS','I'),(2272,'Emma Wood','F','TAS',4,'M','A'),(2273,'Jonny Wignall','M','NT',5,'XL','B'),(2274,'Nicolette Lamb','F','NT',5,'S','A'),(2275,'Joseph Lenehan','M','NT',4,'XS','E'),(2276,'James Huang','M','SA',2,'XS','A'),(2277,'Cooper McCarthy','M','NSW',1,'M','E'),(2278,'Ivica Majetic','M','ACT',2,'S','E'),(2279,'Patrick Liu','M','VIC',3,'XL','E'),(2280,'Cheryl Gill','F','ACT',2,'S','B'),(2281,'Jenny McKee','F','WA',4,'XL','I'),(2282,'Evan Boulton','M','ACT',4,'M','E'),(2283,'Derek Lucido','M','WA',5,'S','A'),(2284,'Xin Tan','M','ACT',1,'XL','A'),(2285,'Jacqueline Morley','F','NSW',1,'S','E'),(2286,'Jackie Brunton','F','VIC',2,'XS','A'),(2287,'Kenneth Lau','M','NSW',1,'XXL','E'),(2288,'Sid Hallett','M','SA',1,'XS','A'),(2289,'Amanda Simpson','F','WA',5,'XL','I'),(2290,'Vicki Le Plastrier','F','NSW',5,'XXL','B'),(2291,'Wendy Lee','F','NSW',4,'M','I'),(2292,'Jack Oehm','M','WA',2,'XL','E'),(2293,'Peter OBrien','M','WA',4,'XL','E'),(2294,'Joanne Turnock','F','SA',1,'L','A'),(2295,'John Gillen','M','NT',5,'XS','A'),(2296,'Georgia Daly','F','WA',4,'XS','I'),(2297,'Archer Boulton','M','VIC',4,'XL','I'),(2298,'Adnan Chockrane','M','NSW',2,'S','B'),(2299,'Sarah Prescott','F','SA',5,'S','I'),(2300,'Susan Beardsworth','F','QLD',5,'XL','A'),(2301,'Chris Dimonda','M','TAS',4,'S','B'),(2302,'David Pitman','M','VIC',2,'L','A'),(2303,'Aaron Maile','M','NSW',4,'M','B'),(2304,'Adal Lavto','M','NT',1,'L','B'),(2305,'Kylie Swinnerton','F','VIC',4,'XS','A'),(2306,'Ally Park','F','NSW',1,'XL','A'),(2307,'Louise Keith','F','VIC',4,'L','E'),(2308,'Michael Calafiore','M','TAS',5,'XS','B'),(2309,'Joe Rogers','M','QLD',4,'S','B'),(2310,'Patrick Sucich','M','SA',4,'L','I'),(2311,'Kelly Winkleman','F','VIC',2,'M','B'),(2312,'Sabryna Sas','F','ACT',1,'M','I'),(2313,'Alison Porter','F','NSW',1,'M','B'),(2314,'Sarah Foster','F','WA',3,'S','A'),(2315,'Senela Selita','F','SA',1,'L','B'),(2316,'Jhett Mitchell','M','TAS',2,'M','A'),(2317,'Tavis Hebler','M','SA',4,'M','I'),(2318,'Erin Bellamy','F','NSW',4,'XXL','A'),(2319,'Clare Welch','F','NT',2,'L','A'),(2320,'Sue Cornwell','F','SA',5,'L','B'),(2321,'Alexis Pishnyuk','F','SA',2,'S','I'),(2322,'Laura King','F','NT',5,'M','B'),(2323,'James Deng','M','VIC',4,'M','I'),(2324,'Krystal Emme','F','SA',5,'XL','E'),(2325,'Eugene Rouillier','M','QLD',2,'XS','B'),(2326,'Claire Harrison','F','WA',1,'M','B'),(2327,'Ethan Adan','M','SA',2,'M','A'),(2328,'Mary Collaso','F','WA',1,'S','E'),(2329,'Brett Goodlet','M','TAS',3,'L','E'),(2330,'Trent Swinnerton','M','VIC',1,'XS','B'),(2331,'Adam Salter','M','TAS',2,'S','I'),(2332,'Amanda Biddell','F','NSW',5,'L','E'),(2333,'Nicholas Greene','M','NT',3,'XL','I'),(2334,'Mark Slattery','M','WA',1,'XL','A'),(2335,'Andy Wheeler','M','ACT',5,'XS','A'),(2336,'Geoffrey Wildman','M','ACT',3,'XL','I'),(2337,'Stephanie zhao','F','ACT',1,'S','I'),(2338,'Thomas Dippelsman','M','QLD',2,'S','I'),(2339,'Jacqueline Courtney','F','WA',4,'S','A'),(2340,'Olivia Buss','F','NT',5,'XXL','A'),(2341,'Andrew Gavin','M','NSW',5,'L','I'),(2342,'Frank Colella','M','VIC',1,'L','A'),(2343,'Janine Kent','F','ACT',2,'S','B'),(2344,'Tracey Heath','F','ACT',1,'L','B'),(2345,'Karin Gouws','F','WA',2,'XXL','A'),(2346,'Keira Lamb','F','QLD',1,'M','E'),(2347,'Shane Phillips','M','NSW',4,'L','A'),(2348,'Dianne Murray','F','NT',4,'XS','I'),(2349,'Robert Russo','M','NSW',4,'S','A'),(2350,'Stuart Smith','M','TAS',2,'L','E'),(2351,'Nigel Bradley','M','NSW',5,'XL','I'),(2352,'Shannon Nolan','M','ACT',3,'L','E'),(2353,'Eric Trieu','M','NT',4,'L','E'),(2354,'Hannah Clayton','F','NT',3,'L','B'),(2355,'Max Harris','M','TAS',5,'S','E'),(2356,'M Defazio','M','VIC',4,'M','E'),(2357,'Christopher Cohen','M','TAS',2,'S','A'),(2358,'Robin Maile','M','NT',3,'XXL','A'),(2359,'Jared Lankow','M','TAS',3,'L','A'),(2360,'Svetlana Orlov','F','WA',2,'S','A'),(2361,'Hazel Cook','F','NT',3,'S','A'),(2362,'Steve Balfour','M','SA',2,'S','B'),(2363,'Ekaterina Myshinskaya','F','WA',1,'XL','A'),(2364,'Jan van der Merwe','M','NSW',1,'XS','E'),(2365,'Matthew Beaman','M','NT',4,'XL','I'),(2366,'Michael Totino','M','WA',2,'S','B'),(2367,'Ryan Mcknight','M','VIC',4,'S','E'),(2368,'Andrew Wiseman','M','WA',1,'L','B'),(2369,'Simon Hayes','M','VIC',1,'XL','I'),(2370,'Adam Braverman','M','WA',2,'XL','I'),(2371,'Beau Cusden','M','VIC',3,'XXL','B'),(2372,'Laura Healy','F','ACT',2,'XS','E'),(2373,'Melissa Taafe','F','ACT',5,'XS','E'),(2374,'Anzari Atik','F','VIC',4,'L','A'),(2375,'Janice Stephens','I','VIC',1,'XL','B'),(2376,'Sam Friede','M','NT',2,'S','E'),(2377,'Ruisi Cai','M','WA',4,'L','E'),(2378,'Andrew Mobbs','M','SA',5,'L','B'),(2379,'Blake Mazzitelli','M','TAS',5,'XS','B'),(2380,'Felix Kraus','M','TAS',2,'S','A'),(2381,'Sebastian Broendum','M','VIC',5,'XS','E'),(2382,'Brendan Wilding','M','VIC',3,'XL','A'),(2383,'Juan Pablo Lillo','M','QLD',2,'XL','B'),(2384,'Samuel Wright','M','SA',4,'XL','B'),(2385,'Eric Mandela','M','VIC',3,'XL','B'),(2386,'Rohan Parag','M','NSW',2,'S','A'),(2387,'Luke Sullivan','M','ACT',4,'XXL','A'),(2388,'Jack Mcgorlick','M','QLD',5,'S','I'),(2389,'Ed Russell','M','VIC',1,'XXL','I'),(2390,'James Mackechnie','M','ACT',3,'XS','E'),(2391,'Adam Farr','M','WA',5,'XS','A'),(2392,'Joey Man','F','QLD',1,'S','E'),(2393,'Jordy Jeffrey','M','ACT',4,'XXL','E'),(2394,'Jack Martin','M','QLD',3,'L','E'),(2395,'Oscar Jaeger','M','QLD',3,'XL','E'),(2396,'Cheyne O\'Brien-Brown','M','TAS',2,'M','A'),(2397,'John Warburton','M','TAS',4,'XL','E'),(2398,'Amy Anderson','F','QLD',3,'XL','I'),(2399,'Alvin Yik','M','TAS',4,'M','A'),(2400,'Joel Micallef','M','QLD',1,'L','I'),(2401,'Per Volund','M','ACT',1,'L','E'),(2402,'Elizabeth Den Dulk','F','SA',1,'XS','A'),(2403,'Matthew Veldman','M','SA',3,'XS','A'),(2404,'Ben Strimling','M','ACT',3,'S','E'),(2405,'Matthew Farrugia','M','SA',2,'S','A'),(2406,'Lisa Steen','F','ACT',5,'S','A'),(2407,'John Boyce','M','NT',1,'S','A'),(2408,'Frank Rosato','M','TAS',3,'XL','A'),(2409,'Chelsea Brennan','F','NSW',2,'XXL','B'),(2410,'Joshua Keddie','M','QLD',3,'L','B'),(2411,'Nicholas Aykut','M','NSW',5,'M','E'),(2412,'Amol Khot','M','SA',3,'XS','A'),(2413,'Peter Syme','M','ACT',2,'L','B'),(2414,'Natalie Hutchinson','F','NT',2,'XS','B'),(2415,'Marris Dibley','M','QLD',3,'XL','A'),(2416,'Dominic Couch','M','QLD',3,'XXL','I'),(2417,'Kristie Gillardeau','F','TAS',5,'M','E'),(2418,'Emma Whitfield','F','TAS',3,'XS','A'),(2419,'Shakira Naumann','F','NT',5,'XL','B'),(2420,'Allen Roberts','M','NSW',5,'XS','B'),(2421,'Luke Vassallo','M','SA',3,'XXL','I'),(2422,'Carlie Chilko','F','NT',2,'XL','E'),(2423,'Christian Cottle','M','NT',2,'XS','B'),(2424,'James Kazalac','M','VIC',2,'M','B'),(2425,'Beau Coulter','M','VIC',3,'L','A'),(2426,'Gaya Cremers','F','WA',3,'L','A'),(2427,'Emily Sydness','F','NSW',4,'L','I'),(2428,'Waleed Latif','M','SA',5,'XXL','B'),(2429,'Daniel Frazer','M','NT',5,'M','I'),(2430,'Truman Gerner','M','ACT',2,'XL','A'),(2431,'Rylee Kennedy','F','TAS',5,'XL','E'),(2432,'Rebecca Searle','F','QLD',3,'L','B'),(2433,'John Custo','M','VIC',1,'S','B'),(2434,'Blair Rundle','M','QLD',3,'M','B'),(2435,'Andreas Stiehl','M','NSW',2,'M','B'),(2436,'Rachael Shirlow','F','TAS',4,'XXL','E'),(2437,'Jodie Arnup','F','NSW',2,'S','A'),(2438,'Ayden Stiehl','M','SA',4,'L','B'),(2439,'Ava Elliott','F','ACT',1,'L','B'),(2440,'Robert Santucci','M','NT',5,'L','I'),(2441,'Paul Hetrelezis','M','NT',5,'XXL','I'),(2442,'Benjamin Marshall','M','SA',4,'L','I'),(2443,'Spike Johnson','M','SA',3,'M','I'),(2444,'Dylan Clarkson','M','SA',2,'XXL','I'),(2445,'Alysha Shephard','F','TAS',4,'XXL','I'),(2446,'Jacquie Grahame','F','WA',3,'M','B'),(2447,'Lorinda Morley','F','ACT',5,'L','A'),(2448,'Noah Nichols','M','NT',5,'XL','I'),(2449,'Daniel Molella','M','SA',3,'M','E'),(2450,'Nick Sirp','M','VIC',4,'XL','A'),(2451,'James Gilchrist','I','NSW',5,'M','I'),(2452,'Sasha Dunstan','F','VIC',3,'L','E'),(2453,'Mark Mcphee','M','VIC',1,'XS','I'),(2454,'Rod Barrett','M','NT',2,'S','I'),(2455,'Evelyn Connolly','F','VIC',5,'XS','E'),(2456,'Nivi Rajendran','M','VIC',1,'XL','B'),(2457,'Philip Alex','M','SA',4,'XXL','E'),(2458,'Adam Mcnicol','M','QLD',1,'XL','A'),(2459,'Clive Domone','M','NT',1,'XS','I'),(2460,'Matthew Morton','M','ACT',4,'M','I'),(2461,'Marcus Vigilante','M','NT',4,'M','B'),(2462,'Daniel Raika','M','NSW',4,'L','E'),(2463,'Kat Desmier','F','VIC',2,'M','I'),(2464,'Peter Chandler','M','NT',5,'S','I'),(2465,'Adrian Gonzales','M','NSW',4,'M','B'),(2466,'John Contreras','M','NT',1,'XXL','B'),(2467,'Julian Saheed','M','ACT',2,'L','I'),(2468,'Lisette Wall','F','ACT',1,'L','A'),(2469,'Tom Perry','M','NT',5,'XL','B'),(2470,'Regan Sprague','F','WA',4,'XXL','B'),(2471,'Alexis Rigler','F','TAS',3,'XXL','I'),(2472,'Sophie Mason','F','ACT',1,'XS','A'),(2473,'Adrian Giorgianni','M','NSW',5,'S','I'),(2474,'Alexandra Bourne','F','NT',3,'XS','I'),(2475,'Alon Takac','M','VIC',2,'XL','B'),(2476,'Jon Barlow','M','TAS',4,'S','E'),(2477,'John Hearst','M','WA',4,'S','E'),(2478,'Clark Summers','M','TAS',3,'S','B'),(2479,'Michelle Bayley','F','WA',5,'XS','A'),(2480,'Phil Watters','M','SA',1,'L','B'),(2481,'Kirsty Farmer','F','QLD',3,'M','E'),(2482,'Claire Ruedin','F','VIC',3,'M','E'),(2483,'Anthony Banks','M','NSW',3,'M','A'),(2484,'Sam Banks','M','NSW',4,'L','B'),(2485,'Karin Johnson','F','VIC',5,'XS','E'),(2486,'Alissa Fotiades','F','QLD',1,'S','A'),(2487,'Jennifer Flood','F','WA',4,'L','B'),(2488,'Lina Okada','F','SA',1,'L','B'),(2489,'Seong Chow','M','TAS',2,'M','E'),(2490,'Jason Chuc','M','QLD',1,'XL','A'),(2491,'Shabnam Alishahi','F','TAS',5,'XL','B'),(2492,'Elise Baird','F','NT',1,'M','E'),(2493,'Teghan Rawson','F','NSW',5,'XS','A'),(2494,'Ann-Marie Farr','F','QLD',3,'M','E'),(2495,'Kenan Crinis','M','VIC',5,'XL','A'),(2496,'Isabelle Schiavone','F','NSW',3,'XS','E'),(2497,'James Fish','M','SA',5,'S','I'),(2498,'Bianca Ukovic','F','VIC',3,'XL','B'),(2499,'Mia Bobbs','F','QLD',4,'S','I'),(2500,'Eloise Roche','F','WA',4,'M','E'),(2501,'Anna Gilfillan','F','QLD',3,'XS','I'),(2502,'Elise Karslake','F','NT',5,'XL','E'),(2503,'Blake Riley','M','QLD',3,'L','I'),(2504,'Wayne Miller','M','TAS',4,'M','I'),(2505,'Julie Stephens','F','ACT',3,'M','A'),(2506,'Branislava Godic','F','NSW',5,'XL','E'),(2507,'Melissa Radcliffe','F','NT',3,'XL','A'),(2508,'Emma Harkness','F','ACT',5,'L','A'),(2509,'Larissa King','F','WA',3,'XL','I'),(2510,'Renee Wyhoon','F','ACT',1,'XL','E'),(2511,'Deanna Grossi','F','NSW',1,'S','E'),(2512,'Zachary Wilson','M','QLD',2,'M','A'),(2513,'Marie Molella','F','VIC',3,'L','E'),(2514,'Elise Rodriguez','F','TAS',3,'S','B'),(2515,'Keira Murugasu','F','NSW',2,'XL','A'),(2516,'Fiona Carney','F','NSW',5,'XXL','A'),(2517,'Tatum De Silva','F','TAS',2,'XS','A'),(2518,'Holly Carney','F','VIC',4,'S','A'),(2519,'Andrew Totino','M','TAS',5,'XS','B'),(2520,'Donna Pullen','F','NT',3,'S','B'),(2521,'Domonic Micallef','M','QLD',5,'M','E'),(2522,'Andrea Whitty','F','WA',4,'XL','I'),(2523,'Rod Mitchell','M','SA',4,'M','A'),(2524,'Megan Bowles','F','SA',1,'M','B'),(2525,'Natasha Cavas','F','QLD',4,'M','A'),(2526,'Steven Collier','M','NSW',1,'S','B'),(2527,'Claire De Niese','F','ACT',3,'XL','B'),(2528,'Peter Wilson','M','NT',3,'L','A'),(2529,'Jack Parry','M','TAS',5,'M','E'),(2530,'Michael Rowe','M','QLD',3,'M','I'),(2531,'Michelle Mccahon','F','SA',2,'XXL','A'),(2532,'Amy Turkenburg','F','NT',3,'XS','B'),(2533,'Evelyn Murugasu','F','NSW',3,'XL','A'),(2534,'Patrick Say','M','TAS',3,'S','B'),(2535,'Belle Alvarez','F','NT',3,'L','E'),(2536,'Clayton Bennett','M','QLD',4,'XL','A'),(2537,'Grace Killington','F','VIC',3,'S','I'),(2538,'Stuart Dunstan','I','TAS',2,'L','B'),(2539,'Callum Moscript','M','NSW',4,'M','A'),(2540,'Peter Abdilla','M','NT',3,'M','I'),(2541,'Steve Glenny','M','ACT',4,'M','E'),(2542,'Brooke Lewis','F','WA',4,'S','B'),(2543,'Cyril Herbunot','M','QLD',1,'S','B'),(2544,'Nick Tzaferis','M','VIC',2,'M','A'),(2545,'Talia Dunstan','F','ACT',4,'XL','E'),(2546,'Suman Bellur','F','TAS',2,'M','B'),(2547,'Hannah Vuong','F','SA',2,'S','B'),(2548,'Paul Gill','M','SA',5,'S','A'),(2549,'Sally Reid','F','TAS',1,'XL','I'),(2550,'Steve Evans','M','ACT',2,'M','A'),(2551,'Jessica Oakey','F','NSW',2,'S','E'),(2552,'Belinda Pool','F','VIC',5,'M','B'),(2553,'Lucinda Richards','F','ACT',4,'S','B'),(2554,'Cait Whelan','F','WA',4,'XL','B'),(2555,'Cara Layton','F','QLD',2,'L','A'),(2556,'Stuart Armstrong','M','TAS',2,'XL','I'),(2557,'Anand Murugasu','M','WA',5,'XS','A'),(2558,'Christina Xu','F','ACT',5,'S','E'),(2559,'Scott Laurence','M','ACT',1,'XS','I'),(2560,'Lydia Whiteside','F','WA',2,'XL','E'),(2561,'Jane Smith','F','WA',3,'XL','I'),(2562,'Fiona Sexton','F','QLD',4,'XL','I'),(2563,'Xavier Ryan','M','NT',4,'M','E'),(2564,'Rowan Mott','M','SA',4,'M','B'),(2565,'Cathy Cavallo','F','SA',1,'L','A'),(2566,'Barbara Budjaki','F','NT',5,'M','I'),(2567,'Danielle Ryan','F','QLD',1,'M','A'),(2568,'Natalie Wilson','F','TAS',4,'S','I'),(2569,'Penelope Delmo','F','TAS',2,'XL','A'),(2570,'Rebecca Ferrarotto','F','TAS',3,'S','E'),(2571,'Michael Kodama','M','QLD',5,'L','E'),(2572,'Julian Stone','M','SA',1,'XL','I'),(2573,'Laura Nicholls','F','ACT',4,'S','E'),(2574,'Ethan Gilchrist','M','ACT',4,'XS','E'),(2575,'Adelene Walsh','F','NSW',4,'M','E'),(2576,'Jenna Pezzanite','F','TAS',4,'S','B'),(2577,'Sean Weir','M','NSW',4,'XS','E'),(2578,'Ricky Lau','M','VIC',5,'M','A'),(2579,'Lucy Knowles','F','TAS',3,'S','E'),(2580,'Maria Jardon','F','WA',2,'XL','B'),(2581,'Tom Wild','M','ACT',2,'M','A'),(2582,'Gerard Bakker','M','TAS',5,'S','I'),(2583,'Bev Mcclure','F','WA',2,'XL','I'),(2584,'Erin Wild','F','NT',5,'S','A'),(2585,'Christina Renowden','F','WA',3,'XL','A'),(2586,'Georgie Kerr','F','WA',5,'L','E'),(2587,'Vanessa Mclennan','F','WA',5,'M','E'),(2588,'Sarah Wilkinson','F','QLD',2,'M','B'),(2589,'Dave Harrison','M','VIC',1,'M','A'),(2590,'Rachael Lester','F','QLD',2,'L','B'),(2591,'Rohan Khot','M','TAS',3,'XS','A'),(2592,'Ella Weisser','F','SA',3,'M','A'),(2593,'Joey Phyland','I','TAS',1,'XL','B'),(2594,'Mandy Bradley','F','TAS',5,'S','I'),(2595,'Tim Whiteside','M','NT',3,'L','E'),(2596,'Emily Kidd','F','ACT',3,'XL','B'),(2597,'Trystan Mcwatt','M','SA',5,'XXL','E'),(2598,'Georgia Cribb','F','NT',1,'M','I'),(2599,'Andrea Pearce','F','NSW',2,'L','E'),(2600,'Christina Healy','F','SA',4,'XXL','E'),(2601,'Lucy Coull','F','WA',5,'XXL','E'),(2602,'India Kent','F','NSW',1,'M','E'),(2603,'Lachlan Brown','M','QLD',1,'M','B'),(2604,'Scott Mcfadden','M','ACT',3,'M','B'),(2605,'Bridget Mcfadden','F','NT',1,'S','I'),(2606,'Eliza Ash','F','SA',3,'L','I'),(2607,'Melinda Reid','F','QLD',1,'XL','I'),(2608,'Michael Fleitas','M','NSW',1,'XXL','B'),(2609,'Isaac Baker','M','ACT',4,'XL','E'),(2610,'Leia Lewis','F','VIC',2,'S','B'),(2611,'Olivia Antonello','F','ACT',5,'S','I'),(2612,'Rebecca Flanagan','F','TAS',3,'S','A'),(2613,'Jami Parks','F','NT',5,'XL','A'),(2614,'Jordana Hutchinson','F','VIC',4,'M','A'),(2615,'Elizabeth Daff','F','TAS',2,'XXL','I'),(2616,'Ella Mccahon','F','ACT',1,'L','E'),(2617,'Son Dinh','M','QLD',5,'L','A'),(2618,'Teagan Knight','F','NT',4,'S','B'),(2619,'Katrina Nurse','F','TAS',1,'XXL','B'),(2620,'Cara Coombs','F','NT',3,'M','A'),(2621,'Stephen Gascoigne','M','QLD',5,'S','E'),(2622,'Jacquie Blazey','I','NT',3,'L','A'),(2623,'Cameron Stone','M','NSW',2,'L','E'),(2624,'Stacey Carlesso','F','QLD',1,'XL','A'),(2625,'Jessica Addamo','F','NT',3,'XXL','I'),(2626,'Louise Harfield','F','WA',2,'XL','I'),(2627,'Liz Gharghori','F','NT',3,'L','E'),(2628,'Pip Cocciolone','F','VIC',5,'XS','E'),(2629,'Rhianna Pool','F','NT',4,'M','I'),(2630,'Debbie Wurtz','F','TAS',5,'M','E'),(2631,'Leanne Spiteri','F','WA',1,'S','B'),(2632,'Richard Glory','M','NT',3,'XXL','I'),(2633,'Molly Fleming','F','NT',5,'XXL','E'),(2634,'Lisa Truong','F','TAS',5,'M','A'),(2635,'Amy Davis','F','NSW',2,'XXL','I'),(2636,'Cassandra Bowley','F','SA',5,'S','A'),(2637,'Alison Ryan','F','VIC',4,'M','E'),(2638,'Reinaldo San Martin','M','NT',5,'S','A'),(2639,'Marilena Stefanovski','F','QLD',1,'L','A'),(2640,'Nicole Peters','F','ACT',4,'S','E'),(2641,'Alexandra Pisker','F','WA',2,'XL','A'),(2642,'Wade Arnup','M','ACT',1,'XL','E'),(2643,'Brody Arnup','M','SA',5,'M','E'),(2644,'Sheena Mcclenaghan','F','NSW',1,'M','B'),(2645,'Steven Kelaher','M','NSW',4,'XXL','A'),(2646,'Zoe Kneebone','F','ACT',1,'XL','I'),(2647,'Melissa Waddell','F','QLD',2,'L','B'),(2648,'Narelle Harding','F','SA',1,'XL','B'),(2649,'Astrid Kelaher','F','VIC',1,'M','E'),(2650,'Debra Danziger','F','NSW',1,'S','I'),(2651,'Lily Walters','F','NSW',5,'XXL','E'),(2652,'Mia Walters','F','SA',1,'XL','I'),(2653,'Lucy Mann','F','VIC',5,'XL','E'),(2654,'Charlotte Dicker','F','VIC',5,'XL','E'),(2655,'Brayden Hefford','M','VIC',2,'M','I'),(2656,'Isabelle Smith','F','NT',1,'L','I'),(2657,'Georgia Firth','F','NT',3,'XS','E'),(2658,'Jaiden Mcdougal','M','TAS',1,'L','E'),(2659,'Simon Matthews','M','NSW',2,'M','B'),(2660,'Faith Peralta','F','ACT',3,'M','B'),(2661,'Maree Dalzotto','F','ACT',3,'S','I'),(2662,'Elizabeth Knowles','F','WA',2,'S','A'),(2663,'Paul Roberts','M','NT',1,'XS','B'),(2664,'Jane Mckenna','F','VIC',1,'S','B'),(2665,'Leanne O\'Brien','F','WA',4,'S','E'),(2666,'Rachel Lourie','F','VIC',3,'L','I'),(2667,'Amy Lourie','F','NT',1,'S','B'),(2668,'Rommi Lourie','F','NT',5,'M','B'),(2669,'Lesley Pedmant','M','NT',3,'L','I'),(2670,'Miranda Jansen','F','NT',5,'XS','A'),(2671,'Terry Lunney','M','QLD',1,'M','B'),(2672,'Adrian Insolia','M','NSW',5,'XXL','I'),(2673,'Kelly Hardie','F','ACT',3,'XL','A'),(2674,'Alicia Lyons','F','VIC',1,'M','A'),(2675,'Jade Peters','F','VIC',5,'XXL','A'),(2676,'Paige Williams','F','SA',2,'S','A'),(2677,'Claire Stollery','F','NSW',5,'M','A'),(2678,'Allison Wall','I','SA',4,'XS','B'),(2679,'Melissa Stollery','F','NSW',5,'XS','A'),(2680,'Alicia Watters','F','VIC',3,'XL','A'),(2681,'Dabrad Marshall','M','SA',3,'XL','E'),(2682,'Michael Conlon','M','NT',1,'L','B'),(2683,'Chloe Vincent','F','TAS',5,'XL','I'),(2684,'Lee Jones','F','NSW',3,'XXL','B'),(2685,'Jessica Calleja','F','NT',4,'L','I'),(2686,'Lauren Calleja','F','WA',5,'XS','I'),(2687,'Sharni Pasquill','F','NT',2,'L','I'),(2688,'Bronwyn Dwyer','F','ACT',3,'M','B'),(2689,'Brooke Dwyer','F','WA',5,'M','I'),(2690,'Ryan Dwyer','M','QLD',1,'S','B'),(2691,'Ella Cummings','F','ACT',2,'L','I'),(2692,'Libby Ristevska','F','WA',4,'XL','A'),(2693,'Michaela Muscat','F','ACT',4,'L','I'),(2694,'Sarah Irwin','F','VIC',2,'XL','E'),(2695,'Paula Spierings','F','ACT',2,'M','A'),(2696,'Bernie Mchugh','F','NT',2,'XL','E'),(2697,'Olivia Verschuur','F','ACT',3,'L','A'),(2698,'Olivia Janetzki','F','QLD',2,'L','E'),(2699,'Courtney Kirby','F','SA',4,'M','B'),(2700,'Tom Clancy','M','VIC',3,'S','E'),(2701,'Amy Sheehy','F','TAS',5,'XXL','A'),(2702,'Lauree Barlow','F','ACT',2,'XL','B'),(2703,'Mick Sheehy','M','VIC',1,'M','E'),(2704,'Victoria Brown','I','ACT',2,'XS','E'),(2705,'Ines Krpan','F','QLD',3,'XS','I'),(2706,'Isabelle Nimorakiotakis','F','VIC',3,'L','B'),(2707,'Renee Mcleod','F','SA',5,'M','I'),(2708,'Kelsey Mackenzie','F','ACT',3,'L','A'),(2709,'Meg Charles','F','NSW',1,'XS','B'),(2710,'Tracey Hogan','F','NSW',1,'XL','A'),(2711,'Hannah Bald','F','NT',3,'XS','E'),(2712,'Tony Olywrr','M','QLD',5,'M','A'),(2713,'Virginia Maruff','F','QLD',3,'XL','E'),(2714,'Alicia Stevens','F','ACT',5,'L','A'),(2715,'Jeanette Laffan','F','SA',5,'L','E'),(2716,'Alison Rowllings','F','QLD',4,'XS','B'),(2717,'Kerryn Parfrey','F','WA',4,'M','E'),(2718,'Joan Colbert','F','NT',2,'M','E'),(2719,'Sean Gabriel','M','SA',3,'M','A'),(2720,'Jacinta Wubben','F','TAS',5,'L','I'),(2721,'Renee Lane','F','NT',3,'XXL','I'),(2722,'Caitlin Behrendt','F','SA',4,'S','A'),(2723,'Josie Harfield','F','SA',2,'S','A'),(2724,'Bridget Cairns','F','ACT',4,'S','A'),(2725,'Emma Miller','F','VIC',2,'M','I'),(2726,'Nicolani Susanto','F','QLD',3,'L','E'),(2727,'Hayley Jennings','F','QLD',5,'XS','B'),(2728,'Natasha Gallina','F','SA',5,'M','B'),(2729,'Diane Harari','F','NT',1,'S','E'),(2730,'Georgia Mcgeechan','F','NT',2,'XS','I'),(2731,'Benjamin Calnan','M','NSW',5,'XXL','I'),(2732,'Lucia Tomai','F','SA',5,'S','I'),(2733,'Emily Howlett','F','WA',5,'XS','B'),(2734,'Ebony Morris','F','TAS',4,'XXL','E'),(2735,'Marni Prince','F','SA',3,'L','A'),(2736,'Joshua Braver','M','SA',5,'L','B'),(2737,'Joe Marguccio','M','NT',2,'L','I'),(2738,'Patrick Cooper','M','VIC',3,'XS','E'),(2739,'Cindy Mcknight','F','VIC',5,'XL','I'),(2740,'Ethan Mcknight','I','ACT',3,'S','E'),(2741,'Jenny Ogden','F','NSW',4,'L','A'),(2742,'Doug Field','M','SA',5,'S','I'),(2743,'Lynette Gilchrist','F','TAS',2,'L','E'),(2744,'Karen Roylance','F','TAS',2,'M','E'),(2745,'Michelle Pinto','F','QLD',3,'M','I'),(2746,'Jessica Phillips','F','ACT',1,'XXL','E'),(2747,'Jacinta Van Osta','F','SA',4,'M','I'),(2748,'Emily Simpson','F','ACT',4,'L','E'),(2749,'Rose Vigilante','F','NSW',5,'M','E'),(2750,'Elizabeth Deakin','F','TAS',5,'XL','E'),(2751,'Daniel Haigh','M','WA',5,'XL','B'),(2752,'Rebecca Vella','F','NT',4,'S','I'),(2753,'Maureen Wetzel','F','ACT',5,'L','E'),(2754,'Jayde Valentine','F','ACT',3,'XL','B'),(2755,'Carla Vogler','F','QLD',3,'L','B'),(2756,'Eliza Blandthorn','F','VIC',2,'XL','I'),(2757,'Emily George','F','TAS',4,'XXL','I'),(2758,'Shayna Khairajani','F','ACT',4,'XL','B'),(2759,'Chris Childs','F','NT',1,'L','A'),(2760,'Amy Smith','F','ACT',3,'S','E'),(2761,'James Flynn','M','QLD',2,'XL','I'),(2762,'Jessica Chin','F','WA',5,'L','A'),(2763,'Belinda Totino','F','QLD',1,'XXL','E'),(2764,'Melissa Butcher','F','SA',5,'M','I'),(2765,'Dave Pullen','M','VIC',1,'S','A'),(2766,'Dean Goulding','M','WA',2,'XS','I'),(2767,'Melinda Chin','F','ACT',3,'XS','B'),(2768,'Jessica Billings','F','NSW',5,'XL','E'),(2769,'Jolene Mc Allister','F','NT',1,'XL','E'),(2770,'Mark Mc Crystal','M','QLD',4,'XL','I'),(2771,'Leanne Allman','F','TAS',4,'L','E'),(2772,'Sorgey Kollstamtiawn','M','QLD',1,'M','B'),(2773,'Andrew Easthope','M','NT',3,'M','A'),(2774,'Danielle Oerman','F','VIC',2,'XXL','E'),(2775,'Jacqui Macumber','F','NSW',2,'XL','A'),(2776,'Holly Benedetti','F','WA',2,'L','I'),(2777,'Yvonne Fabry','F','VIC',3,'XL','B'),(2778,'Gabriella Bednarek','F','VIC',2,'XS','E'),(2779,'Michael Simms','M','NSW',1,'S','B'),(2780,'Lauren Scott','F','TAS',5,'L','E'),(2781,'Auguste Herbunot','M','QLD',3,'XL','E'),(2782,'Eike Germann','M','QLD',3,'XL','B'),(2783,'Maria Abboushi','F','ACT',1,'M','A'),(2784,'Merav Katz','F','NT',1,'XL','B'),(2785,'Kira Fleming','F','SA',1,'S','I'),(2786,'Robert Crotty','M','SA',1,'M','A'),(2787,'Kim Dinh','F','SA',3,'M','B'),(2788,'Joel Moore','M','ACT',5,'XXL','B'),(2789,'Janine Orr','F','NSW',2,'XS','A'),(2790,'Tim Goode','M','VIC',3,'M','B'),(2791,'Chloe Miller','F','WA',4,'L','E'),(2792,'Nicole Butler','F','QLD',5,'XXL','I'),(2793,'Raymond Coulter','M','TAS',2,'XL','E'),(2794,'Sarah Rovers','F','ACT',4,'XXL','I'),(2795,'Leanne Bury','F','ACT',3,'S','B'),(2796,'Lachlan Mallic','M','SA',3,'XL','B'),(2797,'Joanne Girling','F','SA',3,'XS','A'),(2798,'Declan O\'Rourke','M','NT',3,'M','E'),(2799,'Armin Tazangi','M','WA',3,'XXL','I'),(2800,'Georgia Mills','F','ACT',4,'M','A'),(2801,'Jared Cottingham','M','SA',5,'XS','A'),(2802,'Eden Campbell','F','QLD',1,'L','B'),(2803,'Debra Bourne','I','NSW',2,'S','B'),(2804,'Elizabeth Grech','F','TAS',5,'XS','E'),(2805,'Amelia Cottingham','F','VIC',5,'XL','B'),(2806,'Tarah Westblade','F','TAS',5,'L','A'),(2807,'Kelly Bednarz','F','ACT',5,'M','E'),(2808,'Tiffany Ondarchie','F','VIC',3,'L','A'),(2809,'Evie Fortescue','I','NSW',1,'XL','E'),(2810,'Thu Vu','F','WA',4,'XS','I'),(2811,'Rowena Conroy','F','TAS',5,'XXL','E'),(2812,'Elyse Carr','F','TAS',5,'XXL','A'),(2813,'Ted Cleary','M','TAS',4,'M','I'),(2814,'Rose George','F','VIC',2,'M','I'),(2815,'Jane Makin','F','TAS',5,'XL','I'),(2816,'Jaria Bernaldo','F','ACT',2,'XL','I'),(2817,'Melanie Grech','F','ACT',4,'XL','B'),(2818,'Melinda Dunn','F','QLD',3,'XS','B'),(2819,'Andrew Paurini','M','ACT',2,'XL','B'),(2820,'Sarah Kelly','F','ACT',5,'XXL','E'),(2821,'Natalie Rutland','F','TAS',3,'M','I'),(2822,'Allira Rutland','F','VIC',5,'XXL','A'),(2823,'Bethany Cherry','F','TAS',3,'M','B'),(2824,'Mollie Gaden','F','TAS',4,'S','I'),(2825,'Benjamin Gaden','M','WA',1,'M','A'),(2826,'Jennifer Cutri','F','NT',4,'S','A'),(2827,'Emily Mead','F','QLD',3,'XL','E'),(2828,'Christina Gangemi','F','ACT',1,'XXL','B'),(2829,'Keryn Menzel','F','ACT',4,'XL','E'),(2830,'Jenni Dawson','F','TAS',4,'S','B'),(2831,'Rachael Brooking','F','TAS',3,'S','A'),(2832,'Kelly Harris','F','NSW',5,'M','I'),(2833,'Lyndall Cowley','F','TAS',3,'XXL','A'),(2834,'Urvish Parikh','M','NT',1,'XL','I'),(2835,'Liz Shippam','F','WA',5,'L','E'),(2836,'Tyler Brennan','M','WA',2,'XL','E'),(2837,'Jackson Bednarz','M','QLD',2,'L','I'),(2838,'Faye Surace','F','QLD',2,'XXL','I'),(2839,'Susannah Dobbie','F','NT',4,'XL','B'),(2840,'Alexis Petridis','F','ACT',2,'XS','A'),(2841,'Renee Newland','F','WA',3,'S','I'),(2842,'Simon Hehir','M','NSW',2,'L','B'),(2843,'Jacqui Mcdougall','F','VIC',5,'XS','A'),(2844,'Robyn Schubert','F','NSW',1,'XL','A'),(2845,'Neeraja Shankar','F','NT',3,'M','I'),(2846,'Susan Northover','F','NSW',3,'XXL','E'),(2847,'Nicole Marlow','F','ACT',1,'L','I'),(2848,'Jenny Horman','F','NSW',1,'S','E'),(2849,'Joshua Dickins','M','ACT',4,'XS','A'),(2850,'Ilana Goldman','F','TAS',5,'XL','A'),(2851,'Naomi Gelb','F','SA',3,'L','E'),(2852,'Jodie Steward','F','NT',5,'XS','I'),(2853,'Simona Paritsky','F','QLD',5,'S','I'),(2854,'Vincent Timoney','M','TAS',4,'L','E'),(2855,'Greg Sargent','M','TAS',3,'M','A'),(2856,'Michele Gange','F','ACT',1,'XXL','B'),(2857,'Christine Lysikatos','F','NT',4,'S','A'),(2858,'Cassandra Green','F','NT',2,'XS','E'),(2859,'Cindy Liu','F','SA',3,'XS','A'),(2860,'Sarita Malhotra','F','NT',4,'M','B'),(2861,'Mark Kelly','M','ACT',3,'XXL','E'),(2862,'Jason Salmon','M','SA',2,'S','A'),(2863,'Steph Mcgarry','F','WA',4,'L','B'),(2864,'Robert Howarth','M','NT',5,'XS','A'),(2865,'Kate Nangle','F','NT',4,'XL','I'),(2866,'Fred Pool','M','NSW',2,'M','E'),(2867,'Vibha Pant','F','TAS',1,'M','B'),(2868,'Lucas Pool','M','TAS',4,'S','E'),(2869,'Natalie Newton','F','ACT',2,'XL','A'),(2870,'Vasanta Iyer','F','NSW',1,'XXL','E'),(2871,'Stephen Cooper','M','SA',4,'S','A'),(2872,'Lauren Porter','F','SA',2,'M','I'),(2873,'Rachel Totino','F','NSW',2,'M','I'),(2874,'Justin Davis','M','VIC',5,'L','I'),(2875,'Tenay Rankin','F','QLD',4,'L','E'),(2876,'Joanna Totino','F','NSW',2,'XL','A'),(2877,'Rajan Dhingra','M','NSW',5,'L','E'),(2878,'Mark Jemison','M','SA',2,'S','E'),(2879,'Sheena De Souza','F','ACT',2,'S','E'),(2880,'Betty Fitzgerald','F','SA',4,'L','B'),(2881,'Rhiannyn Geeson','F','ACT',3,'S','B'),(2882,'Michelle Waters','F','WA',4,'XXL','A'),(2883,'Sumit Madan','M','NSW',4,'S','E'),(2884,'Adam Stefano','M','SA',4,'M','I'),(2885,'Casey Gambrell','M','WA',3,'XS','B'),(2886,'Jennifer Tiffin','F','VIC',1,'L','A'),(2887,'Rebecca Spink','F','NSW',1,'M','I'),(2888,'Trudi Blick','F','VIC',2,'XL','B'),(2889,'Malisa Celeste','F','NSW',5,'M','A'),(2890,'Christine Warde','F','VIC',5,'XXL','I'),(2891,'Maria Ford','F','WA',1,'L','B'),(2892,'Rania Bishay','F','TAS',5,'XS','B'),(2893,'Sherie Sourial','F','SA',3,'M','B'),(2894,'Anna Banaag','F','NSW',1,'S','B'),(2895,'Steve Biemond','M','ACT',5,'M','E'),(2896,'Amanda Chin','F','TAS',2,'L','I'),(2897,'Coz Habben','F','VIC',1,'XXL','B'),(2898,'Jayden Biemond','M','QLD',3,'L','B'),(2899,'Annastasia Haigh','F','WA',5,'L','A'),(2900,'Kate Cherry','I','WA',3,'XXL','E'),(2901,'Marie Bismark','F','VIC',1,'M','I'),(2902,'Katherine Aquino','F','TAS',2,'M','E'),(2903,'Sarah Cherry','F','NT',4,'XS','I'),(2904,'Jason Vowles','M','VIC',2,'XXL','I'),(2905,'Isabella Henning','F','NT',4,'S','E'),(2906,'Lisa Vowles','F','NSW',1,'M','B'),(2907,'Justin Moore','M','QLD',4,'XL','E'),(2908,'Jade Ohlmus','F','TAS',5,'M','A'),(2909,'Siobhan Ewenson','F','NT',1,'XL','B'),(2910,'Elida Behari','F','TAS',4,'XL','B'),(2911,'Nattalie Smoothy','F','NT',1,'S','B'),(2912,'Kaysia Wilson','F','WA',5,'M','B'),(2913,'Sharon La','F','NSW',2,'S','B'),(2914,'Sarah Relph','F','SA',3,'XL','E'),(2915,'Stella Burgess','F','VIC',3,'S','A'),(2916,'Kristie Walters','F','NSW',3,'XL','E'),(2917,'Sinead Mckeown','F','VIC',4,'L','E'),(2918,'Garima Chopra','F','TAS',4,'M','I'),(2919,'Gaurn Gupia','M','NSW',5,'M','B'),(2920,'Nikita Fernandes','F','TAS',1,'L','A'),(2921,'Dean Magri','M','WA',2,'M','I'),(2922,'Tom Sibley','M','SA',2,'M','E'),(2923,'Sree Nair','F','QLD',4,'XS','E'),(2924,'Julie Dobbie','F','VIC',2,'XS','B'),(2925,'Samantha Millar','F','QLD',3,'XL','E'),(2926,'Rebecca Depetro','F','WA',5,'XXL','B'),(2927,'Paul Egan','M','VIC',4,'M','A'),(2928,'Bill Buttler','M','NT',3,'L','B'),(2929,'Colleen Brown','F','NT',1,'M','E'),(2930,'Jennifer Dawson','F','QLD',3,'M','I'),(2931,'Ricky Field','M','TAS',3,'XXL','I'),(2932,'Belinda Field','F','NT',4,'XL','B'),(2933,'Leah Duncan','I','NT',5,'S','B'),(2934,'Lisa Watson','F','ACT',4,'S','I'),(2935,'Sylvia Bray','F','SA',3,'S','B'),(2936,'Bridget Brown','F','SA',5,'XL','E'),(2937,'Cameron Putt','M','SA',2,'L','B'),(2938,'Lexi Turner','F','NT',1,'L','B'),(2939,'Lara Brown','F','VIC',1,'XS','E'),(2940,'Lilly Thomas','F','NT',1,'L','B'),(2941,'Brodie Dempster','F','QLD',5,'XL','E'),(2942,'Alexander Ivancic','I','TAS',1,'M','E'),(2943,'Shara Gillahan','F','ACT',4,'XL','I'),(2944,'Peter Schubert','M','QLD',1,'L','I'),(2945,'Harriet Mendelson','F','VIC',1,'XXL','B'),(2946,'Lorna Antonello','F','NSW',4,'XL','B'),(2947,'Naomi Fryers','F','TAS',1,'L','I'),(2948,'Jenny Slater','F','SA',5,'M','I'),(2949,'Erin Larkin','F','WA',2,'M','B'),(2950,'Gareth Harte','M','NSW',3,'XL','A'),(2951,'Donna Glory','F','WA',4,'M','A'),(2952,'Paige Rhodes','F','WA',5,'XS','I'),(2953,'Robert O\'Connor','M','NSW',1,'XL','E'),(2954,'Ellen Hynes','F','VIC',4,'S','I'),(2955,'Christina Salmon','F','VIC',1,'M','E'),(2956,'Chanelle Macfarlane','F','QLD',4,'XL','A'),(2957,'Sam Marsh','M','WA',1,'L','A'),(2958,'Madison Ashman','F','WA',3,'XXL','E'),(2959,'Kylie Finnemore','F','VIC',1,'M','E'),(2960,'Jay Gambrell','M','NSW',4,'M','B'),(2961,'Jason Gambrell','M','WA',4,'S','A'),(2962,'Clare Miller','F','NSW',4,'S','I'),(2963,'Joel Wallace','M','NSW',5,'XS','I'),(2964,'Kim Morton','F','TAS',1,'S','B'),(2965,'Jacqueline Mcmeikin','F','NSW',2,'M','E'),(2966,'Hayley Roylance','F','NT',4,'M','B'),(2967,'Jo Conlon','F','NT',1,'S','A'),(2968,'Sandra Stiehl','F','QLD',2,'XS','B'),(2969,'Candace Gray','F','QLD',2,'M','E'),(2970,'Glenn Morris','M','QLD',3,'L','E'),(2971,'C Anderson','F','TAS',5,'S','B'),(2972,'Lee Wilson','I','VIC',1,'XL','B'),(2973,'Rhea Gotsis','F','WA',1,'S','E'),(2974,'Corrine Donald','F','TAS',3,'XL','I'),(2975,'Carla Morris','F','WA',4,'L','E'),(2976,'Aimee Wolstenholme','F','NT',2,'XL','A'),(2977,'Alexandra Campbell','F','TAS',4,'XS','I'),(2978,'Bec Yeomans','F','TAS',3,'L','B'),(2979,'Kelly Arnott','F','ACT',4,'XL','I'),(2980,'Megan Visser','F','VIC',5,'M','B'),(2981,'Neil Donald','M','SA',1,'M','I'),(2982,'Billy Thain','M','NSW',3,'XS','E'),(2983,'Lucinda Bishop','F','WA',2,'L','E');
/*!40000 ALTER TABLE `participant5627` ENABLE KEYS */;
UNLOCK TABLES;

--
-- Table structure for table `results9999`
--

DROP TABLE IF EXISTS `results5627`;
/*!40101 SET @saved_cs_client     = @@character_set_client */;
/*!50503 SET character_set_client = utf8mb4 */;
CREATE TABLE `results5627` (
  `ResultId` INT,
  `event` INT NOT NULL,
  `participant` INT NOT NULL,
  `Minutes` SMALLINT,
  PRIMARY KEY (`ResultId`),
  KEY `fk_results_eventoccurrence` (`event`),
  KEY `fk_results_participant` (`participant`),
  CONSTRAINT `fk_results_eventoccurrence` FOREIGN KEY (`event`) REFERENCES `eventoccurrence5627`(`OccurrenceID`),
  CONSTRAINT `fk_results_participant` FOREIGN KEY (`participant`) REFERENCES `participant5627`(`PersonId`)
) ENGINE=InnoDB DEFAULT CHARSET=utf8mb4 COLLATE=utf8mb4_0900_ai_ci;
/*!40101 SET character_set_client = @saved_cs_client */;

--
-- Dumping data for table `results9999`
--

LOCK TABLES `results5627` WRITE;
/*!40000 ALTER TABLE `results5627` DISABLE KEYS */;
INSERT INTO `results5627` VALUES (1,18,1000,47),(2,13,1001,20),(3,2,1001,65),(4,12,1002,106),(5,17,1003,28),(6,23,1004,NULL),(7,16,1004,67),(8,22,1005,NULL),(9,15,1005,28),(10,7,1006,96),(11,22,1007,NULL),(12,4,1007,220),(13,19,1008,NULL),(14,4,1009,197),(15,3,1010,141),(16,22,1011,NULL),(17,15,1011,82),(18,6,1012,69),(19,13,1012,20),(20,19,1012,NULL),(21,12,1013,118),(22,2,1013,61),(23,15,1014,41),(24,18,1014,53),(25,24,1014,NULL),(26,19,1015,NULL),(27,18,1016,27),(28,3,1017,160),(29,16,1018,100),(30,5,1018,20),(31,22,1019,NULL),(32,17,1020,14),(33,21,1021,NULL),(34,10,1022,42),(35,22,1023,NULL),(36,18,1023,31),(37,8,1023,103),(38,7,1024,82),(39,12,1025,83),(40,6,1025,61),(41,17,1025,20),(42,21,1026,NULL),(43,17,1026,18),(44,19,1027,NULL),(45,24,1028,NULL),(46,9,1029,20),(47,12,1030,50),(48,2,1030,45),(49,7,1031,72),(50,14,1031,24),(51,9,1031,22),(52,10,1032,31),(53,21,1033,NULL),(54,7,1034,66),(55,14,1035,53),(56,13,1036,10),(57,3,1036,195),(58,20,1036,NULL),(59,24,1037,NULL),(60,10,1037,51),(61,3,1037,188),(62,21,1037,NULL),(63,23,1038,NULL),(64,21,1038,NULL),(65,1,1039,17),(66,13,1040,15),(67,6,1040,69),(68,24,1041,NULL),(69,15,1041,60),(70,4,1042,125),(71,15,1042,41),(72,13,1043,24),(73,10,1043,20),(74,4,1043,265),(75,6,1043,69),(76,24,1044,NULL),(77,16,1045,104),(78,20,1046,NULL),(79,7,1047,51),(80,22,1047,NULL),(81,18,1048,29),(82,23,1049,NULL),(83,23,1050,NULL),(84,20,1050,NULL),(85,6,1051,42),(86,14,1051,19),(87,18,1051,56),(88,3,1052,112),(89,17,1053,15),(90,9,1054,27),(91,21,1054,NULL),(92,18,1055,60),(93,20,1056,NULL),(94,16,1056,50),(95,19,1057,NULL),(96,9,1057,28),(97,2,1058,56),(98,21,1058,NULL),(99,10,1058,44),(100,16,1059,52),(101,20,1059,NULL),(102,23,1059,NULL),(103,6,1059,31),(104,23,1060,NULL),(105,24,1061,NULL),(106,6,1061,55),(107,9,1062,34),(108,17,1063,18),(109,19,1064,NULL),(110,2,1064,66),(111,13,1064,17),(112,4,1065,271),(113,12,1066,101),(114,20,1066,NULL),(115,7,1066,54),(116,4,1067,261),(117,10,1068,31),(118,6,1069,45),(119,9,1070,34),(120,11,1070,62),(121,13,1071,19),(122,24,1072,NULL),(123,15,1073,36),(124,8,1073,117),(125,13,1074,24),(126,22,1075,NULL),(127,15,1076,40),(128,22,1076,NULL),(129,18,1077,23),(130,22,1077,NULL),(131,5,1078,17),(132,21,1079,NULL),(133,6,1080,63),(134,12,1081,49),(135,19,1082,NULL),(136,15,1083,71),(137,24,1084,NULL),(138,13,1085,25),(139,11,1086,73),(140,16,1087,57),(141,21,1088,NULL),(142,19,1089,NULL),(143,15,1090,58),(144,6,1091,35),(145,5,1092,29),(146,12,1093,102),(147,15,1094,78),(148,6,1094,33),(149,17,1095,25),(150,24,1096,NULL),(151,13,1096,8),(152,7,1096,91),(153,10,1096,57),(154,15,1097,50),(155,8,1097,59),(156,22,1097,NULL),(157,17,1097,14),(158,1,1098,23),(159,23,1099,NULL),(160,15,1100,56),(161,15,1101,53),(162,12,1102,57),(163,3,1103,109),(164,6,1103,37),(165,12,1104,131),(166,6,1105,65),(167,22,1106,NULL),(168,17,1106,11),(169,11,1106,93),(170,14,1107,26),(171,17,1108,12),(172,2,1108,31),(173,4,1109,240),(174,9,1109,11),(175,8,1109,115),(176,7,1110,88),(177,11,1110,46),(178,4,1111,231),(179,10,1112,48),(180,17,1113,18),(181,18,1114,23),(182,9,1115,29),(183,23,1115,NULL),(184,23,1116,NULL),(185,20,1116,NULL),(186,20,1117,NULL),(187,14,1118,17),(188,3,1118,153),(189,19,1118,NULL),(190,16,1119,89),(191,15,1120,68),(192,22,1121,NULL),(193,4,1122,154),(194,15,1123,53),(195,18,1123,58),(196,13,1124,14),(197,12,1125,51),(198,10,1126,26),(199,3,1127,122),(200,11,1128,60),(201,11,1129,56),(202,5,1130,35),(203,14,1131,49),(204,18,1131,52),(205,6,1131,55),(206,5,1132,25),(207,17,1132,12),(208,12,1132,98),(209,3,1132,84),(210,18,1133,33),(211,3,1134,176),(212,15,1135,59),(213,21,1135,NULL),(214,12,1136,77),(215,7,1137,78),(216,17,1137,27),(217,23,1138,NULL),(218,14,1138,46),(219,3,1139,79),(220,4,1140,239),(221,14,1140,21),(222,7,1141,110),(223,14,1142,30),(224,20,1142,NULL),(225,7,1142,54),(226,1,1142,19),(227,16,1143,111),(228,8,1143,59),(229,13,1144,30),(230,22,1145,NULL),(231,9,1146,29),(232,19,1146,NULL),(233,1,1146,27),(234,8,1147,116),(235,13,1148,11),(236,16,1149,39),(237,24,1149,NULL),(238,24,1150,NULL),(239,22,1151,NULL),(240,9,1151,16),(241,23,1152,NULL),(242,9,1153,18),(243,18,1154,52),(244,23,1154,NULL),(245,6,1154,30),(246,5,1155,19),(247,18,1156,25),(248,8,1156,64),(249,22,1156,NULL),(250,22,1157,NULL),(251,2,1157,60),(252,20,1158,NULL),(253,17,1159,10),(254,2,1159,65),(255,6,1159,75),(256,21,1159,NULL),(257,23,1159,NULL),(258,12,1160,72),(259,21,1161,NULL),(260,2,1161,43),(261,9,1161,33),(262,9,1162,34),(263,10,1163,56),(264,8,1163,56),(265,20,1163,NULL),(266,17,1164,19),(267,4,1165,119),(268,3,1166,117),(269,24,1167,NULL),(270,9,1167,29),(271,16,1167,46),(272,5,1167,36),(273,4,1168,166),(274,5,1169,27),(275,6,1169,24),(276,14,1170,17),(277,20,1171,NULL),(278,10,1171,19),(279,8,1171,92),(280,4,1172,290),(281,24,1173,NULL),(282,7,1174,95),(283,10,1175,50),(284,14,1175,31),(285,22,1176,NULL),(286,7,1176,111),(287,18,1176,50),(288,24,1177,NULL),(289,15,1178,30),(290,24,1179,NULL),(291,19,1179,NULL),(292,16,1179,56),(293,3,1180,195),(294,15,1181,66),(295,18,1182,54),(296,5,1183,18),(297,18,1183,42),(298,10,1183,60),(299,15,1184,59),(300,23,1185,NULL),(301,7,1185,73),(302,3,1185,91),(303,17,1185,24),(304,11,1185,70),(305,9,1186,35),(306,15,1187,40),(307,19,1187,NULL),(308,11,1187,63),(309,8,1187,133),(310,14,1188,41),(311,22,1189,NULL),(312,22,1190,NULL),(313,7,1191,80),(314,2,1191,35),(315,9,1192,22),(316,24,1192,NULL),(317,24,1193,NULL),(318,19,1194,NULL),(319,24,1194,NULL),(320,4,1194,125),(321,3,1195,137),(322,2,1196,34),(323,19,1196,NULL),(324,23,1197,NULL),(325,9,1198,13),(326,18,1198,32),(327,4,1199,188),(328,17,1199,13),(329,17,1200,21),(330,21,1201,NULL),(331,13,1201,23),(332,24,1201,NULL),(333,5,1201,35),(334,3,1202,185),(335,2,1203,68),(336,24,1204,NULL),(337,21,1204,NULL),(338,9,1204,14),(339,4,1205,140),(340,15,1205,81),(341,10,1205,26),(342,19,1206,NULL),(343,17,1207,13),(344,1,1208,16),(345,15,1208,30),(346,4,1209,293),(347,12,1209,69),(348,18,1209,35),(349,16,1209,80),(350,15,1210,63),(351,20,1211,NULL),(352,16,1211,81),(353,22,1212,NULL),(354,19,1212,NULL),(355,13,1213,26),(356,11,1214,57),(357,18,1215,21),(358,14,1215,19),(359,15,1216,33),(360,6,1216,42),(361,3,1216,76),(362,20,1216,NULL),(363,17,1217,14),(364,5,1217,28),(365,17,1218,20),(366,15,1219,55),(367,2,1219,49),(368,22,1220,NULL),(369,12,1220,100),(370,7,1221,95),(371,2,1222,32),(372,12,1223,64),(373,10,1224,31),(374,18,1224,33),(375,2,1224,42),(376,14,1225,42),(377,24,1226,NULL),(378,17,1226,22),(379,13,1227,28),(380,4,1228,141),(381,7,1228,72),(382,9,1228,12),(383,13,1228,9),(384,17,1228,21),(385,15,1229,60),(386,8,1230,103),(387,19,1231,NULL),(388,18,1232,38),(389,12,1232,113),(390,22,1233,NULL),(391,21,1233,NULL),(392,24,1234,NULL),(393,8,1235,128),(394,18,1235,46),(395,20,1236,NULL),(396,4,1237,159),(397,3,1238,170),(398,23,1238,NULL),(399,4,1239,198),(400,8,1240,103),(401,4,1241,142),(402,6,1241,65),(403,11,1242,71),(404,17,1242,15),(405,18,1243,59),(406,14,1244,44),(407,10,1244,27),(408,20,1244,NULL),(409,5,1244,38),(410,24,1244,NULL),(411,6,1244,36),(412,5,1245,30),(413,6,1246,70),(414,20,1246,NULL),(415,20,1247,NULL),(416,13,1247,24),(417,5,1248,29),(418,24,1249,NULL),(419,12,1250,120),(420,15,1250,60),(421,7,1250,86),(422,19,1250,NULL),(423,12,1251,119),(424,3,1251,114),(425,7,1252,37),(426,10,1252,51),(427,21,1252,NULL),(428,16,1252,95),(429,9,1253,34),(430,3,1254,184),(431,22,1255,NULL),(432,14,1256,19),(433,8,1256,85),(434,6,1257,42),(435,2,1257,69),(436,19,1258,NULL),(437,9,1258,12),(438,19,1259,NULL),(439,22,1259,NULL),(440,7,1260,81),(441,6,1261,43),(442,15,1262,25),(443,20,1263,NULL),(444,11,1264,64),(445,15,1264,35),(446,15,1265,90),(447,11,1266,89),(448,13,1267,13),(449,8,1268,79),(450,4,1269,123),(451,8,1270,112),(452,16,1270,57),(453,24,1270,NULL),(454,16,1271,84),(455,4,1271,108),(456,7,1271,86),(457,9,1272,17),(458,11,1272,54),(459,14,1273,31),(460,5,1274,17),(461,9,1274,33),(462,6,1275,71),(463,17,1276,22),(464,19,1277,NULL),(465,10,1278,52),(466,17,1279,19),(467,3,1280,101),(468,24,1281,NULL),(469,5,1282,12),(470,4,1282,195),(471,24,1282,NULL),(472,5,1283,37),(473,20,1283,NULL),(474,22,1283,NULL),(475,18,1284,21),(476,15,1285,34),(477,19,1286,NULL),(478,10,1286,54),(479,2,1287,79),(480,14,1287,26),(481,8,1287,101),(482,23,1287,NULL),(483,11,1288,28),(484,24,1289,NULL),(485,3,1290,176),(486,5,1291,26),(487,11,1291,89),(488,20,1292,NULL),(489,2,1293,77),(490,3,1294,87),(491,3,1295,147),(492,5,1296,30),(493,2,1296,30),(494,14,1296,24),(495,5,1297,26),(496,20,1297,NULL),(497,24,1297,NULL),(498,16,1298,68),(499,6,1299,33),(500,15,1299,32),(501,17,1300,17),(502,24,1301,NULL),(503,20,1301,NULL),(504,12,1302,62),(505,2,1302,39),(506,17,1303,12),(507,7,1304,111),(508,5,1305,16),(509,4,1306,137),(510,24,1306,NULL),(511,6,1306,53),(512,20,1306,NULL),(513,9,1306,12),(514,15,1306,25),(515,12,1307,85),(516,17,1308,19),(517,16,1309,49),(518,22,1309,NULL),(519,2,1310,77),(520,15,1311,36),(521,9,1311,11),(522,1,1312,18),(523,9,1313,31),(524,24,1314,NULL),(525,1,1315,17),(526,7,1316,93),(527,4,1317,157),(528,13,1317,24),(529,23,1318,NULL),(530,2,1319,33),(531,22,1319,NULL),(532,15,1319,26),(533,14,1320,21),(534,21,1321,NULL),(535,5,1322,28),(536,15,1322,40),(537,8,1322,130),(538,11,1323,71),(539,3,1324,103),(540,8,1325,75),(541,3,1325,156),(542,20,1325,NULL),(543,15,1326,36),(544,9,1327,18),(545,18,1327,45),(546,22,1328,NULL),(547,10,1329,19),(548,23,1330,NULL),(549,9,1330,27),(550,21,1331,NULL),(551,23,1332,NULL),(552,7,1332,112),(553,5,1333,20),(554,10,1334,17),(555,8,1334,84),(556,5,1335,33),(557,11,1336,69),(558,15,1336,57),(559,2,1336,76),(560,9,1337,24),(561,15,1337,90),(562,19,1338,NULL),(563,22,1338,NULL),(564,15,1338,55),(565,23,1339,NULL),(566,12,1339,79),(567,12,1340,140),(568,13,1341,23),(569,24,1342,NULL),(570,9,1343,11),(571,1,1343,28),(572,21,1343,NULL),(573,12,1343,42),(574,15,1343,66),(575,4,1344,132),(576,5,1345,17),(577,22,1345,NULL),(578,21,1346,NULL),(579,16,1347,92),(580,3,1347,111),(581,3,1348,176),(582,17,1348,10),(583,24,1348,NULL),(584,21,1349,NULL),(585,8,1350,149),(586,11,1350,93),(587,3,1350,121),(588,10,1351,42),(589,24,1352,NULL),(590,20,1353,NULL),(591,8,1354,50),(592,4,1355,123),(593,20,1356,NULL),(594,18,1357,28),(595,15,1358,52),(596,3,1359,92),(597,12,1359,129),(598,14,1359,38),(599,9,1359,16),(600,18,1359,54),(601,19,1360,NULL),(602,19,1361,NULL),(603,9,1362,35),(604,21,1363,NULL),(605,6,1363,36),(606,11,1363,60),(607,22,1364,NULL),(608,21,1365,NULL),(609,2,1366,65),(610,23,1367,NULL),(611,14,1367,20),(612,15,1368,88),(613,16,1369,62),(614,24,1370,NULL),(615,6,1370,28),(616,14,1370,47),(617,17,1371,17),(618,19,1371,NULL),(619,11,1371,69),(620,10,1372,53),(621,23,1373,NULL),(622,12,1373,108),(623,7,1373,46),(624,18,1373,48),(625,2,1373,32),(626,24,1374,NULL),(627,12,1375,70),(628,19,1375,NULL),(629,23,1375,NULL),(630,3,1375,146),(631,9,1375,13),(632,14,1375,17),(633,5,1376,31),(634,10,1377,38),(635,17,1377,18),(636,15,1378,56),(637,7,1378,87),(638,6,1379,26),(639,12,1380,112),(640,5,1381,27),(641,4,1381,141),(642,23,1382,NULL),(643,3,1382,175),(644,9,1382,16),(645,7,1383,97),(646,20,1384,NULL),(647,21,1385,NULL),(648,15,1386,45),(649,21,1387,NULL),(650,13,1387,22),(651,24,1387,NULL),(652,4,1388,180),(653,16,1389,62),(654,15,1390,84),(655,10,1390,31),(656,23,1390,NULL),(657,18,1390,36),(658,14,1391,31),(659,23,1392,NULL),(660,3,1393,198),(661,22,1394,NULL),(662,13,1395,16),(663,12,1395,111),(664,21,1396,NULL),(665,4,1396,171),(666,8,1396,95),(667,22,1397,NULL),(668,18,1397,38),(669,13,1398,27),(670,13,1399,13),(671,12,1400,75),(672,23,1401,NULL),(673,5,1401,31),(674,18,1401,56),(675,7,1401,48),(676,24,1402,NULL),(677,11,1403,93),(678,4,1403,222),(679,14,1404,28),(680,17,1405,21),(681,5,1405,29),(682,4,1405,136),(683,17,1406,29),(684,10,1406,59),(685,24,1407,NULL),(686,10,1407,21),(687,9,1408,29),(688,15,1409,87),(689,19,1410,NULL),(690,14,1410,17),(691,3,1410,167),(692,14,1411,39),(693,23,1412,NULL),(694,11,1413,42),(695,6,1413,62),(696,22,1413,NULL),(697,16,1413,85),(698,19,1413,NULL),(699,5,1414,30),(700,16,1415,41),(701,9,1416,30),(702,18,1417,22),(703,24,1418,NULL),(704,24,1419,NULL),(705,2,1420,36),(706,21,1421,NULL),(707,24,1422,NULL),(708,17,1423,27),(709,22,1424,NULL),(710,20,1424,NULL),(711,12,1424,114),(712,5,1424,20),(713,20,1425,NULL),(714,6,1425,59),(715,6,1426,64),(716,8,1427,148),(717,9,1428,13),(718,13,1429,21),(719,3,1430,181),(720,21,1431,NULL),(721,17,1432,13),(722,24,1432,NULL),(723,24,1433,NULL),(724,11,1434,63),(725,24,1435,NULL),(726,2,1435,51),(727,11,1436,74),(728,6,1437,45),(729,8,1438,86),(730,11,1439,77),(731,5,1439,28),(732,22,1440,NULL),(733,2,1441,37),(734,18,1441,28),(735,13,1442,12),(736,18,1442,38),(737,19,1443,NULL),(738,20,1444,NULL),(739,17,1445,27),(740,24,1445,NULL),(741,3,1446,71),(742,20,1447,NULL),(743,14,1447,36),(744,9,1447,36),(745,23,1448,NULL),(746,6,1448,54),(747,19,1449,NULL),(748,3,1450,130),(749,10,1451,28),(750,23,1452,NULL),(751,17,1452,12),(752,16,1453,73),(753,6,1453,69),(754,2,1453,34),(755,15,1454,27),(756,12,1454,46),(757,16,1455,77),(758,2,1456,74),(759,18,1457,47),(760,2,1457,62),(761,9,1458,27),(762,3,1458,166),(763,12,1459,82),(764,7,1459,94),(765,13,1460,14),(766,22,1461,NULL),(767,11,1462,93),(768,18,1463,51),(769,3,1463,122),(770,11,1463,73),(771,7,1463,94),(772,22,1464,NULL),(773,16,1465,96),(774,23,1466,NULL),(775,1,1467,23),(776,18,1467,60),(777,11,1467,34),(778,7,1467,87),(779,22,1468,NULL),(780,7,1469,87),(781,17,1469,10),(782,22,1470,NULL),(783,19,1471,NULL),(784,9,1472,22),(785,4,1472,170),(786,22,1472,NULL),(787,21,1473,NULL),(788,10,1474,53),(789,11,1475,49),(790,18,1475,23),(791,15,1476,25),(792,14,1477,39),(793,24,1477,NULL),(794,19,1478,NULL),(795,5,1479,30),(796,10,1479,55),(797,18,1479,20),(798,16,1479,32),(799,2,1480,41),(800,10,1481,54),(801,24,1481,NULL),(802,14,1482,39),(803,9,1482,11),(804,18,1482,44),(805,3,1482,170),(806,22,1482,NULL),(807,3,1483,182),(808,14,1484,57),(809,22,1484,NULL),(810,15,1485,43),(811,12,1485,118),(812,9,1485,26),(813,24,1486,NULL),(814,13,1486,10),(815,23,1487,NULL),(816,1,1488,17),(817,2,1489,78),(818,8,1490,123),(819,6,1491,45),(820,18,1492,22),(821,9,1492,24),(822,9,1493,13),(823,14,1493,40),(824,18,1494,29),(825,22,1494,NULL),(826,1,1494,17),(827,16,1494,45),(828,24,1495,NULL),(829,20,1496,NULL),(830,17,1497,22),(831,6,1497,69),(832,13,1498,29),(833,21,1498,NULL),(834,16,1499,53),(835,1,1499,20),(836,17,1500,25),(837,8,1500,70),(838,16,1500,35),(839,12,1500,57),(840,7,1501,63),(841,16,1502,59),(842,11,1503,50),(843,2,1503,42),(844,4,1504,129),(845,1,1505,23),(846,7,1505,107),(847,20,1506,NULL),(848,7,1507,103),(849,13,1507,28),(850,1,1508,32),(851,17,1508,23),(852,22,1509,NULL),(853,9,1510,13),(854,15,1511,56),(855,18,1511,35),(856,23,1512,NULL),(857,21,1512,NULL),(858,2,1513,76),(859,15,1513,71),(860,20,1514,NULL),(861,12,1515,52),(862,24,1516,NULL),(863,3,1517,91),(864,4,1518,171),(865,9,1518,12),(866,10,1519,27),(867,11,1520,34),(868,24,1521,NULL),(869,23,1522,NULL),(870,12,1523,103),(871,17,1524,15),(872,20,1525,NULL),(873,1,1526,21),(874,16,1527,41),(875,20,1527,NULL),(876,5,1527,36),(877,22,1528,NULL),(878,18,1529,23),(879,7,1530,60),(880,14,1531,23),(881,20,1532,NULL),(882,2,1532,31),(883,3,1533,108),(884,16,1533,75),(885,4,1534,110),(886,19,1534,NULL),(887,17,1535,20),(888,15,1535,75),(889,5,1535,23),(890,22,1535,NULL),(891,5,1536,34),(892,11,1536,79),(893,18,1536,31),(894,11,1537,49),(895,19,1538,NULL),(896,23,1539,NULL),(897,11,1540,41),(898,24,1541,NULL),(899,19,1541,NULL),(900,18,1542,30),(901,21,1543,NULL),(902,14,1544,44),(903,7,1544,58),(904,4,1544,246),(905,17,1545,22),(906,13,1546,16),(907,20,1546,NULL),(908,14,1546,38),(909,24,1547,NULL),(910,20,1548,NULL),(911,24,1549,NULL),(912,3,1549,85),(913,22,1550,NULL),(914,5,1551,13),(915,12,1551,140),(916,8,1552,127),(917,19,1552,NULL),(918,9,1553,19),(919,24,1554,NULL),(920,19,1555,NULL),(921,20,1556,NULL),(922,15,1556,38),(923,13,1557,9),(924,11,1557,53),(925,5,1558,16),(926,20,1558,NULL),(927,19,1559,NULL),(928,13,1560,8),(929,20,1560,NULL),(930,21,1560,NULL),(931,18,1561,29),(932,1,1562,20),(933,15,1562,63),(934,8,1562,132),(935,13,1563,23),(936,23,1563,NULL),(937,19,1564,NULL),(938,3,1565,169),(939,6,1565,56),(940,13,1566,16),(941,18,1567,39),(942,7,1568,43),(943,18,1568,51),(944,14,1568,44),(945,5,1569,26),(946,13,1569,29),(947,17,1570,26),(948,2,1571,44),(949,6,1572,24),(950,6,1573,28),(951,12,1574,111),(952,14,1575,37),(953,11,1576,53),(954,13,1577,21),(955,8,1578,96),(956,21,1578,NULL),(957,24,1579,NULL),(958,11,1580,61),(959,3,1581,98),(960,3,1582,117),(961,19,1583,NULL),(962,21,1583,NULL),(963,5,1584,24),(964,20,1585,NULL),(965,22,1586,NULL),(966,12,1586,100),(967,2,1587,42),(968,18,1587,48),(969,23,1588,NULL),(970,14,1588,50),(971,22,1589,NULL),(972,7,1590,69),(973,24,1591,NULL),(974,21,1591,NULL),(975,10,1591,30),(976,17,1591,27),(977,6,1591,65),(978,2,1591,55),(979,18,1592,29),(980,19,1593,NULL),(981,1,1593,24),(982,1,1594,23),(983,22,1594,NULL),(984,6,1595,44),(985,14,1596,58),(986,9,1597,28),(987,20,1597,NULL),(988,24,1597,NULL),(989,4,1597,215),(990,3,1598,168),(991,9,1599,25),(992,24,1599,NULL),(993,18,1599,58),(994,5,1599,33),(995,5,1600,30),(996,22,1600,NULL),(997,14,1601,44),(998,16,1602,69),(999,10,1603,37),(1000,20,1604,NULL),(1001,2,1605,53),(1002,19,1606,NULL),(1003,13,1607,10),(1004,24,1607,NULL),(1005,1,1607,29),(1006,17,1607,12),(1007,18,1608,60),(1008,8,1608,77),(1009,11,1609,71),(1010,23,1610,NULL),(1011,24,1611,NULL),(1012,4,1612,250),(1013,24,1613,NULL),(1014,17,1613,10),(1015,6,1613,25),(1016,5,1613,15),(1017,19,1614,NULL),(1018,24,1615,NULL),(1019,17,1616,29),(1020,18,1616,36),(1021,10,1617,27),(1022,6,1617,67),(1023,22,1618,NULL),(1024,9,1618,32),(1025,20,1619,NULL),(1026,6,1620,35),(1027,24,1620,NULL),(1028,18,1620,25),(1029,4,1620,295),(1030,15,1620,76),(1031,12,1620,82),(1032,19,1621,NULL),(1033,23,1621,NULL),(1034,20,1622,NULL),(1035,12,1623,48),(1036,4,1623,208),(1037,18,1624,52),(1038,17,1624,24),(1039,23,1625,NULL),(1040,12,1626,50),(1041,13,1626,28),(1042,13,1627,29),(1043,4,1628,156),(1044,11,1629,89),(1045,5,1629,34),(1046,23,1629,NULL),(1047,16,1629,111),(1048,10,1630,30),(1049,14,1631,54),(1050,6,1631,52),(1051,23,1632,NULL),(1052,17,1633,30),(1053,5,1634,35),(1054,24,1634,NULL),(1055,14,1634,51),(1056,15,1635,67),(1057,19,1636,NULL),(1058,11,1636,91),(1059,4,1636,189),(1060,24,1636,NULL),(1061,1,1637,30),(1062,5,1638,30),(1063,14,1638,57),(1064,24,1638,NULL),(1065,21,1639,NULL),(1066,23,1640,NULL),(1067,7,1641,60),(1068,24,1642,NULL),(1069,7,1642,108),(1070,3,1643,85),(1071,8,1644,61),(1072,11,1644,28),(1073,12,1645,69),(1074,16,1645,69),(1075,15,1646,39),(1076,18,1647,32),(1077,19,1648,NULL),(1078,10,1649,41),(1079,20,1649,NULL),(1080,18,1650,24),(1081,21,1650,NULL),(1082,22,1651,NULL),(1083,11,1652,96),(1084,16,1653,101),(1085,11,1654,46),(1086,4,1655,200),(1087,7,1656,91),(1088,15,1656,53),(1089,23,1657,NULL),(1090,23,1658,NULL),(1091,19,1659,NULL),(1092,9,1659,27),(1093,23,1660,NULL),(1094,6,1661,41),(1095,18,1662,55),(1096,3,1662,162),(1097,19,1663,NULL),(1098,24,1663,NULL),(1099,24,1664,NULL),(1100,21,1665,NULL),(1101,12,1665,105),(1102,9,1665,22),(1103,5,1665,13),(1104,5,1666,20),(1105,10,1666,46),(1106,18,1666,44),(1107,11,1667,57),(1108,4,1668,277),(1109,16,1669,90),(1110,4,1669,199),(1111,23,1670,NULL),(1112,19,1671,NULL),(1113,4,1671,196),(1114,9,1672,24),(1115,24,1672,NULL),(1116,11,1672,73),(1117,12,1673,73),(1118,15,1674,50),(1119,5,1675,19),(1120,24,1676,NULL),(1121,20,1676,NULL),(1122,12,1677,47),(1123,22,1677,NULL),(1124,21,1677,NULL),(1125,7,1678,50),(1126,13,1679,21),(1127,21,1680,NULL),(1128,20,1681,NULL),(1129,9,1681,21),(1130,1,1682,26),(1131,7,1683,57),(1132,16,1684,84),(1133,14,1685,34),(1134,6,1685,35),(1135,19,1685,NULL),(1136,21,1686,NULL),(1137,13,1687,12),(1138,9,1687,10),(1139,2,1688,37),(1140,23,1688,NULL),(1141,9,1689,30),(1142,9,1689,12),(1143,13,1690,12),(1144,12,1691,56),(1145,5,1692,22),(1146,22,1693,NULL),(1147,22,1694,NULL),(1148,2,1695,54),(1149,9,1695,24),(1150,23,1696,NULL),(1151,15,1697,57),(1152,19,1697,NULL),(1153,2,1697,54),(1154,9,1697,17),(1155,8,1697,113),(1156,8,1698,63),(1157,7,1699,57),(1158,1,1700,37),(1159,4,1701,160),(1160,5,1701,30),(1161,10,1702,42),(1162,8,1703,88),(1163,24,1704,NULL),(1164,16,1704,103),(1165,2,1704,72),(1166,4,1705,219),(1167,22,1706,NULL),(1168,2,1707,68),(1169,20,1707,NULL),(1170,16,1708,84),(1171,15,1709,26),(1172,8,1709,146),(1173,8,1710,98),(1174,10,1710,52),(1175,1,1710,40),(1176,4,1711,120),(1177,13,1711,12),(1178,23,1711,NULL),(1179,11,1712,49),(1180,2,1712,47),(1181,3,1713,108),(1182,13,1714,14),(1183,6,1714,26),(1184,18,1715,24),(1185,3,1716,76),(1186,20,1717,NULL),(1187,6,1718,35),(1188,22,1718,NULL),(1189,18,1719,40),(1190,23,1719,NULL),(1191,7,1719,89),(1192,9,1720,23),(1193,2,1721,44),(1194,20,1721,NULL),(1195,17,1722,21),(1196,6,1723,42),(1197,4,1724,220),(1198,6,1725,56),(1199,16,1725,79),(1200,18,1725,45),(1201,3,1726,71),(1202,23,1727,NULL),(1203,17,1728,20),(1204,10,1729,25),(1205,23,1729,NULL),(1206,5,1729,30),(1207,5,1730,35),(1208,4,1731,203),(1209,19,1732,NULL),(1210,8,1733,60),(1211,5,1734,16),(1212,12,1735,115),(1213,14,1736,52),(1214,3,1737,100),(1215,14,1738,51),(1216,13,1739,26),(1217,22,1739,NULL),(1218,12,1740,125),(1219,22,1741,NULL),(1220,14,1741,50),(1221,9,1742,13),(1222,13,1743,21),(1223,7,1744,45),(1224,2,1744,63),(1225,17,1744,24),(1226,20,1744,NULL),(1227,13,1745,21),(1228,15,1746,24),(1229,24,1746,NULL),(1230,19,1746,NULL),(1231,14,1747,56),(1232,6,1747,34),(1233,13,1748,23),(1234,14,1749,23),(1235,18,1750,41),(1236,15,1751,83),(1237,2,1752,49),(1238,13,1752,20),(1239,4,1753,268),(1240,21,1753,NULL),(1241,24,1753,NULL),(1242,7,1753,86),(1243,17,1753,25),(1244,11,1754,51),(1245,2,1755,73),(1246,16,1755,77),(1247,17,1756,26),(1248,2,1756,29),(1249,15,1757,82),(1250,9,1757,14),(1251,3,1758,159),(1252,22,1759,NULL),(1253,10,1760,32),(1254,16,1761,40),(1255,21,1761,NULL),(1256,23,1762,NULL),(1257,11,1763,76),(1258,11,1764,42),(1259,4,1764,290),(1260,2,1765,60),(1261,20,1765,NULL),(1262,16,1766,103),(1263,15,1767,31),(1264,12,1768,75),(1265,19,1769,NULL),(1266,21,1770,NULL),(1267,23,1771,NULL),(1268,1,1772,33),(1269,21,1772,NULL),(1270,1,1773,32),(1271,18,1773,58),(1272,12,1774,130),(1273,22,1774,NULL),(1274,17,1775,29),(1275,5,1776,35),(1276,20,1777,NULL),(1277,3,1778,186),(1278,13,1779,23),(1279,22,1780,NULL),(1280,8,1780,71),(1281,23,1781,NULL),(1282,2,1782,34),(1283,7,1782,49),(1284,11,1783,43),(1285,6,1783,74),(1286,15,1783,39),(1287,6,1784,67),(1288,23,1784,NULL),(1289,14,1785,52),(1290,14,1786,17),(1291,18,1786,59),(1292,9,1786,31),(1293,21,1787,NULL),(1294,4,1787,228),(1295,19,1788,NULL),(1296,5,1788,15),(1297,2,1788,55),(1298,9,1788,19),(1299,10,1789,27),(1300,7,1790,54),(1301,3,1791,189),(1302,7,1791,74),(1303,18,1791,33),(1304,13,1791,8),(1305,16,1792,93),(1306,7,1793,51),(1307,23,1794,NULL),(1308,5,1794,33),(1309,12,1794,141),(1310,12,1795,116),(1311,16,1796,110),(1312,11,1797,40),(1313,7,1797,83),(1314,12,1798,46),(1315,1,1799,18),(1316,7,1800,64),(1317,14,1800,55),(1318,12,1800,47),(1319,11,1801,70),(1320,6,1802,27),(1321,20,1802,NULL),(1322,14,1802,35),(1323,19,1803,NULL),(1324,10,1804,47),(1325,7,1805,65),(1326,23,1805,NULL),(1327,10,1805,39),(1328,2,1805,76),(1329,6,1806,53),(1330,2,1806,45),(1331,8,1807,138),(1332,12,1808,104),(1333,7,1809,102),(1334,16,1810,106),(1335,12,1810,134),(1336,7,1810,108),(1337,24,1811,NULL),(1338,24,1812,NULL),(1339,2,1813,58),(1340,17,1813,15),(1341,2,1814,76),(1342,8,1814,121),(1343,12,1814,122),(1344,6,1815,69),(1345,14,1816,22),(1346,7,1817,57),(1347,23,1817,NULL),(1348,13,1817,15),(1349,14,1818,17),(1350,9,1819,24),(1351,5,1819,20),(1352,14,1819,34),(1353,3,1820,80),(1354,24,1820,NULL),(1355,12,1821,117),(1356,10,1822,56),(1357,1,1823,27),(1358,4,1824,182),(1359,21,1825,NULL),(1360,13,1825,25),(1361,23,1826,NULL),(1362,11,1826,59),(1363,2,1826,29),(1364,23,1827,NULL),(1365,2,1827,65),(1366,5,1828,37),(1367,16,1829,76),(1368,21,1829,NULL),(1369,5,1829,38),(1370,20,1829,NULL),(1371,6,1829,29),(1372,3,1830,152),(1373,18,1830,26),(1374,4,1831,287),(1375,17,1831,17),(1376,6,1831,65),(1377,22,1831,NULL),(1378,15,1831,59),(1379,10,1831,37),(1380,16,1832,35),(1381,24,1833,NULL),(1382,18,1833,35),(1383,14,1833,57),(1384,12,1833,142),(1385,3,1834,71),(1386,10,1834,58),(1387,8,1835,119),(1388,24,1835,NULL),(1389,8,1836,61),(1390,8,1837,144),(1391,2,1838,62),(1392,21,1839,NULL),(1393,16,1840,77),(1394,11,1841,50),(1395,14,1842,21),(1396,13,1843,22),(1397,10,1844,54),(1398,21,1844,NULL),(1399,1,1845,37),(1400,13,1845,15),(1401,16,1846,109),(1402,12,1847,103),(1403,7,1848,82),(1404,12,1849,72),(1405,7,1850,72),(1406,19,1850,NULL),(1407,23,1851,NULL),(1408,21,1852,NULL),(1409,23,1853,NULL),(1410,12,1853,96),(1411,18,1853,23),(1412,3,1853,169),(1413,16,1854,115),(1414,19,1855,NULL),(1415,12,1856,83),(1416,19,1856,NULL),(1417,15,1856,25),(1418,19,1857,NULL),(1419,12,1858,123),(1420,9,1859,12),(1421,18,1859,38),(1422,3,1859,77),(1423,22,1860,NULL),(1424,20,1860,NULL),(1425,19,1861,NULL),(1426,15,1862,85),(1427,2,1863,50),(1428,12,1863,99),(1429,18,1864,38),(1430,22,1865,NULL),(1431,16,1866,110),(1432,9,1867,27),(1433,2,1868,44),(1434,15,1869,77),(1435,17,1870,16),(1436,3,1870,117),(1437,12,1870,119),(1438,17,1871,12),(1439,3,1871,92),(1440,17,1872,16),(1441,5,1873,21),(1442,16,1873,45),(1443,6,1874,29),(1444,19,1874,NULL),(1445,10,1875,18),(1446,3,1875,144),(1447,21,1875,NULL),(1448,24,1875,NULL),(1449,17,1875,12),(1450,2,1876,36),(1451,21,1876,NULL),(1452,13,1877,25),(1453,19,1878,NULL),(1454,4,1878,210),(1455,10,1878,29),(1456,23,1878,NULL),(1457,1,1879,29),(1458,19,1880,NULL),(1459,15,1881,85),(1460,12,1882,84),(1461,7,1883,89),(1462,21,1884,NULL),(1463,2,1885,63),(1464,7,1885,102),(1465,23,1886,NULL),(1466,5,1887,18),(1467,3,1888,77),(1468,2,1889,40),(1469,19,1890,NULL),(1470,13,1891,29),(1471,4,1892,131),(1472,18,1892,24),(1473,7,1893,102),(1474,3,1893,138),(1475,12,1894,62),(1476,8,1895,127),(1477,18,1895,55),(1478,7,1896,67),(1479,17,1896,29),(1480,9,1897,14),(1481,22,1897,NULL),(1482,13,1898,13),(1483,3,1899,187),(1484,23,1899,NULL),(1485,12,1900,50),(1486,19,1900,NULL),(1487,2,1901,58),(1488,17,1902,25),(1489,1,1902,19),(1490,9,1903,11),(1491,13,1903,25),(1492,22,1904,NULL),(1493,6,1904,46),(1494,10,1905,37),(1495,16,1906,110),(1496,3,1907,193),(1497,23,1908,NULL),(1498,5,1909,30),(1499,3,1909,104),(1500,24,1910,NULL),(1501,10,1911,17),(1502,15,1912,52),(1503,23,1912,NULL),(1504,12,1913,143),(1505,11,1914,80),(1506,8,1915,76),(1507,21,1916,NULL),(1508,4,1917,241),(1509,24,1918,NULL),(1510,15,1919,32),(1511,10,1920,20),(1512,10,1921,29),(1513,17,1922,22),(1514,2,1923,38),(1515,7,1924,106),(1516,9,1924,19),(1517,2,1924,54),(1518,15,1924,60),(1519,24,1924,NULL),(1520,11,1925,58),(1521,5,1926,38),(1522,6,1927,39),(1523,4,1928,274),(1524,9,1928,14),(1525,14,1929,48),(1526,18,1930,29),(1527,5,1930,18),(1528,2,1930,52),(1529,4,1931,159),(1530,8,1931,136),(1531,5,1932,37),(1532,22,1932,NULL),(1533,6,1932,24),(1534,19,1933,NULL),(1535,22,1934,NULL),(1536,3,1934,99),(1537,15,1935,28),(1538,2,1935,67),(1539,20,1936,NULL),(1540,1,1936,34),(1541,3,1937,76),(1542,10,1938,35),(1543,4,1939,224),(1544,2,1940,39),(1545,14,1940,22),(1546,9,1940,32),(1547,6,1941,29),(1548,19,1942,NULL),(1549,14,1942,51),(1550,23,1943,NULL),(1551,20,1943,NULL),(1552,23,1944,NULL),(1553,5,1945,12),(1554,22,1946,NULL),(1555,3,1947,199),(1556,14,1947,48),(1557,24,1948,NULL),(1558,17,1949,10),(1559,5,1950,19),(1560,16,1951,85),(1561,10,1952,41),(1562,4,1953,247),(1563,24,1953,NULL),(1564,22,1954,NULL),(1565,13,1955,24),(1566,16,1955,56),(1567,20,1955,NULL),(1568,13,1956,30),(1569,2,1957,50),(1570,19,1957,NULL),(1571,24,1958,NULL),(1572,7,1959,88),(1573,5,1960,17),(1574,14,1961,47),(1575,2,1962,62),(1576,19,1962,NULL),(1577,18,1963,47),(1578,19,1964,NULL),(1579,11,1964,59),(1580,2,1964,29),(1581,3,1965,133),(1582,20,1966,NULL),(1583,13,1967,16),(1584,6,1967,40),(1585,5,1968,16),(1586,18,1968,27),(1587,14,1968,32),(1588,3,1968,196),(1589,23,1968,NULL),(1590,22,1969,NULL),(1591,8,1969,125),(1592,14,1969,28),(1593,2,1969,43),(1594,5,1970,12),(1595,16,1971,39),(1596,12,1972,80),(1597,17,1972,23),(1598,13,1972,27),(1599,24,1972,NULL),(1600,15,1973,32),(1601,18,1974,44),(1602,12,1975,90),(1603,17,1975,13),(1604,2,1976,58),(1605,21,1976,NULL),(1606,23,1976,NULL),(1607,16,1976,102),(1608,10,1976,60),(1609,7,1977,40),(1610,4,1978,124),(1611,11,1978,87),(1612,7,1979,109),(1613,10,1979,58),(1614,14,1979,55),(1615,22,1980,NULL),(1616,19,1980,NULL),(1617,7,1981,56),(1618,13,1982,17),(1619,1,1983,16),(1620,22,1983,NULL),(1621,7,1984,69),(1622,14,1985,16),(1623,22,1986,NULL),(1624,17,1986,11),(1625,7,1986,47),(1626,22,1987,NULL),(1627,4,1988,279),(1628,4,1989,255),(1629,17,1990,24),(1630,2,1990,45),(1631,17,1991,19),(1632,6,1991,67),(1633,20,1991,NULL),(1634,13,1992,13),(1635,3,1993,178),(1636,14,1994,44),(1637,22,1995,NULL),(1638,17,1996,25),(1639,7,1996,90),(1640,5,1997,30),(1641,4,1997,179),(1642,19,1997,NULL),(1643,20,1998,NULL),(1644,13,1999,15),(1645,18,1999,35),(1646,7,1999,42),(1647,2,2000,44),(1648,16,2000,98),(1649,24,2001,NULL),(1650,19,2001,NULL),(1651,16,2001,104),(1652,3,2001,154),(1653,13,2002,19),(1654,18,2002,53),(1655,23,2003,NULL),(1656,11,2004,81),(1657,15,2004,52),(1658,13,2005,20),(1659,8,2005,102),(1660,18,2005,57),(1661,11,2005,34),(1662,19,2006,NULL),(1663,24,2007,NULL),(1664,23,2008,NULL),(1665,14,2009,26),(1666,9,2009,14),(1667,5,2010,33),(1668,1,2011,22),(1669,20,2012,NULL),(1670,9,2013,27),(1671,14,2014,28),(1672,13,2015,29),(1673,24,2015,NULL),(1674,2,2015,63),(1675,16,2015,61),(1676,23,2016,NULL),(1677,17,2017,28),(1678,16,2017,73),(1679,4,2018,125),(1680,5,2019,19),(1681,3,2020,145),(1682,16,2020,40),(1683,18,2020,54),(1684,11,2021,58),(1685,7,2022,56),(1686,8,2023,76),(1687,19,2023,NULL),(1688,4,2023,273),(1689,24,2023,NULL),(1690,15,2024,68),(1691,2,2025,30),(1692,21,2026,NULL),(1693,21,2027,NULL),(1694,17,2028,13),(1695,3,2029,91),(1696,17,2029,24),(1697,1,2030,22),(1698,21,2030,NULL),(1699,13,2030,27),(1700,21,2030,NULL),(1701,8,2031,134),(1702,16,2032,94),(1703,12,2032,115),(1704,1,2032,19),(1705,16,2033,72),(1706,10,2034,51),(1707,14,2034,16),(1708,24,2034,NULL),(1709,9,2035,29),(1710,17,2035,19),(1711,10,2036,38),(1712,15,2036,72),(1713,22,2036,NULL),(1714,9,2037,21),(1715,19,2038,NULL),(1716,14,2039,41),(1717,7,2040,65),(1718,19,2041,NULL),(1719,6,2041,62),(1720,12,2041,128),(1721,2,2042,52),(1722,23,2043,NULL),(1723,19,2043,NULL),(1724,5,2044,26),(1725,20,2044,NULL),(1726,12,2044,105),(1727,6,2044,73),(1728,5,2045,28),(1729,4,2046,130),(1730,1,2047,28),(1731,23,2048,NULL),(1732,2,2048,59),(1733,17,2048,16),(1734,9,2048,28),(1735,11,2048,51),(1736,18,2048,32),(1737,23,2049,NULL),(1738,11,2050,46),(1739,8,2050,89),(1740,17,2050,29),(1741,12,2051,136),(1742,3,2052,146),(1743,16,2053,85),(1744,18,2053,51),(1745,13,2054,23),(1746,2,2055,39),(1747,12,2056,103),(1748,13,2057,15),(1749,10,2058,23),(1750,23,2058,NULL),(1751,4,2058,271),(1752,6,2058,73),(1753,18,2058,52),(1754,14,2058,25),(1755,9,2059,15),(1756,19,2060,NULL),(1757,6,2061,42),(1758,9,2061,19),(1759,10,2062,26),(1760,18,2063,41),(1761,4,2063,296),(1762,8,2063,116),(1763,14,2063,57),(1764,11,2063,83),(1765,9,2064,19),(1766,24,2065,NULL),(1767,21,2065,NULL),(1768,13,2066,30),(1769,19,2066,NULL),(1770,13,2067,27),(1771,5,2067,20),(1772,3,2068,87),(1773,14,2068,21),(1774,18,2068,37),(1775,11,2068,27),(1776,6,2068,57),(1777,15,2069,45),(1778,13,2069,17),(1779,7,2069,43),(1780,23,2069,NULL),(1781,13,2070,10),(1782,23,2070,NULL),(1783,10,2071,45),(1784,11,2072,86),(1785,1,2072,24),(1786,18,2073,40),(1787,7,2073,63),(1788,2,2073,78),(1789,10,2073,31),(1790,11,2074,90),(1791,7,2074,100),(1792,15,2074,59),(1793,15,2075,37),(1794,21,2076,NULL),(1795,12,2076,74),(1796,18,2077,33),(1797,19,2078,NULL),(1798,11,2078,27),(1799,24,2079,NULL),(1800,9,2079,34),(1801,15,2079,64),(1802,14,2080,37),(1803,20,2081,NULL),(1804,4,2081,156),(1805,23,2081,NULL),(1806,3,2082,113),(1807,21,2083,NULL),(1808,5,2084,27),(1809,4,2084,179),(1810,21,2084,NULL),(1811,15,2084,90),(1812,22,2085,NULL),(1813,15,2085,69),(1814,6,2086,43),(1815,22,2087,NULL),(1816,20,2088,NULL),(1817,14,2088,59),(1818,22,2088,NULL),(1819,10,2088,18),(1820,10,2089,38),(1821,19,2090,NULL),(1822,11,2090,28),(1823,22,2091,NULL),(1824,8,2091,70),(1825,10,2092,44),(1826,10,2093,39),(1827,13,2094,8),(1828,21,2094,NULL),(1829,3,2095,198),(1830,5,2096,35),(1831,20,2096,NULL),(1832,11,2097,34),(1833,17,2097,30),(1834,19,2098,NULL),(1835,23,2098,NULL),(1836,15,2098,81),(1837,10,2098,52),(1838,6,2099,46),(1839,24,2100,NULL),(1840,13,2100,11),(1841,18,2101,57),(1842,3,2102,72),(1843,2,2103,42),(1844,11,2103,52),(1845,23,2104,NULL),(1846,6,2104,75),(1847,4,2105,116),(1848,6,2105,45),(1849,17,2105,20),(1850,10,2106,36),(1851,8,2107,50),(1852,23,2108,NULL),(1853,13,2108,11),(1854,4,2109,243),(1855,6,2109,42),(1856,18,2110,43),(1857,8,2111,138),(1858,21,2112,NULL),(1859,5,2112,22),(1860,13,2112,30),(1861,18,2113,32),(1862,5,2114,18),(1863,18,2115,21),(1864,14,2115,38),(1865,24,2115,NULL),(1866,22,2116,NULL),(1867,6,2117,50),(1868,19,2118,NULL),(1869,3,2118,155),(1870,3,2119,78),(1871,20,2120,NULL),(1872,19,2121,NULL),(1873,24,2121,NULL),(1874,12,2121,108),(1875,20,2122,NULL),(1876,23,2123,NULL),(1877,1,2123,39),(1878,15,2124,48),(1879,3,2125,134),(1880,23,2126,NULL),(1881,20,2127,NULL),(1882,6,2128,27),(1883,6,2129,73),(1884,10,2130,30),(1885,6,2131,40),(1886,1,2132,20),(1887,12,2133,53),(1888,24,2134,NULL),(1889,18,2135,20),(1890,17,2136,22),(1891,10,2137,18),(1892,20,2138,NULL),(1893,6,2138,42),(1894,2,2139,76),(1895,12,2139,51),(1896,11,2140,30),(1897,24,2141,NULL),(1898,19,2141,NULL),(1899,7,2142,57),(1900,20,2142,NULL),(1901,14,2142,22),(1902,12,2143,84),(1903,21,2144,NULL),(1904,22,2145,NULL),(1905,10,2146,43),(1906,7,2147,109),(1907,13,2147,24),(1908,8,2148,63),(1909,2,2149,64),(1910,20,2150,NULL),(1911,2,2151,49),(1912,7,2151,56),(1913,20,2151,NULL),(1914,4,2152,178),(1915,17,2152,24),(1916,10,2153,21),(1917,3,2154,135),(1918,20,2155,NULL),(1919,3,2155,129),(1920,14,2156,60),(1921,7,2156,43),(1922,21,2157,NULL),(1923,12,2157,44),(1924,2,2158,30),(1925,20,2159,NULL),(1926,22,2160,NULL),(1927,24,2161,NULL),(1928,4,2162,135),(1929,9,2162,24),(1930,6,2163,52),(1931,19,2164,NULL),(1932,1,2165,23),(1933,12,2165,40),(1934,8,2165,108),(1935,16,2165,69),(1936,5,2166,18),(1937,10,2166,22),(1938,4,2166,206),(1939,3,2167,147),(1940,15,2167,67),(1941,13,2167,30),(1942,13,2168,10),(1943,5,2168,34),(1944,22,2169,NULL),(1945,3,2169,106),(1946,17,2169,23),(1947,2,2170,34),(1948,8,2170,58),(1949,23,2170,NULL),(1950,22,2171,NULL),(1951,8,2171,110),(1952,17,2172,19),(1953,14,2173,53),(1954,24,2174,NULL),(1955,20,2175,NULL),(1956,24,2175,NULL),(1957,20,2176,NULL),(1958,12,2176,135),(1959,4,2176,194),(1960,2,2177,50),(1961,24,2178,NULL),(1962,20,2179,NULL),(1963,12,2179,92),(1964,5,2179,35),(1965,6,2180,38),(1966,12,2181,100),(1967,7,2182,90),(1968,14,2183,34),(1969,7,2183,93),(1970,23,2184,NULL),(1971,3,2184,199),(1972,7,2185,53),(1973,15,2186,59),(1974,18,2187,31),(1975,5,2188,24),(1976,21,2188,NULL),(1977,15,2188,76),(1978,7,2188,41),(1979,10,2189,46),(1980,11,2190,70),(1981,12,2191,72),(1982,19,2192,NULL),(1983,7,2193,112),(1984,17,2194,14),(1985,12,2195,76),(1986,17,2195,10),(1987,19,2195,NULL),(1988,20,2196,NULL),(1989,18,2197,36),(1990,9,2198,33),(1991,20,2199,NULL),(1992,8,2199,56),(1993,15,2199,71),(1994,5,2199,18),(1995,16,2200,55),(1996,9,2201,14),(1997,2,2201,51),(1998,14,2202,58),(1999,24,2202,NULL),(2000,11,2203,85),(2001,2,2203,51),(2002,18,2204,51),(2003,11,2204,72),(2004,17,2205,14),(2005,3,2205,168),(2006,13,2206,21),(2007,5,2206,29),(2008,6,2206,73),(2009,14,2207,19),(2010,9,2207,13),(2011,19,2207,NULL),(2012,23,2207,NULL),(2013,19,2208,NULL),(2014,10,2209,50),(2015,2,2209,57),(2016,14,2210,58),(2017,13,2211,27),(2018,23,2212,NULL),(2019,4,2213,187),(2020,24,2213,NULL),(2021,19,2213,NULL),(2022,15,2214,87),(2023,4,2214,264),(2024,22,2215,NULL),(2025,8,2216,104),(2026,23,2217,NULL),(2027,21,2218,NULL),(2028,6,2219,65),(2029,8,2220,82),(2030,23,2221,NULL),(2031,24,2222,NULL),(2032,14,2222,26),(2033,19,2223,NULL),(2034,16,2223,39),(2035,11,2223,76),(2036,3,2224,129),(2037,9,2224,17),(2038,15,2224,86),(2039,20,2225,NULL),(2040,7,2225,61),(2041,18,2226,23),(2042,9,2226,15),(2043,24,2226,NULL),(2044,2,2227,75),(2045,14,2228,23),(2046,20,2229,NULL),(2047,6,2230,52),(2048,24,2231,NULL),(2049,11,2232,84),(2050,24,2233,NULL),(2051,16,2234,112),(2052,12,2235,54),(2053,8,2236,54),(2054,4,2237,186),(2055,23,2238,NULL),(2056,10,2238,30),(2057,22,2239,NULL),(2058,9,2239,10),(2059,7,2240,111),(2060,19,2240,NULL),(2061,13,2240,17),(2062,9,2241,31),(2063,1,2242,30),(2064,5,2242,27),(2065,20,2243,NULL),(2066,3,2244,187),(2067,7,2245,90),(2068,13,2245,14),(2069,23,2246,NULL),(2070,10,2246,55),(2071,23,2247,NULL),(2072,2,2247,69),(2073,12,2248,63),(2074,11,2249,72),(2075,5,2249,31),(2076,16,2250,80),(2077,8,2250,94),(2078,8,2251,83),(2079,16,2252,66),(2080,21,2253,NULL),(2081,6,2254,73),(2082,18,2255,37),(2083,22,2256,NULL),(2084,20,2256,NULL),(2085,11,2257,68),(2086,3,2257,195),(2087,4,2258,138),(2088,19,2258,NULL),(2089,13,2258,20),(2090,9,2259,21),(2091,13,2259,8),(2092,23,2260,NULL),(2093,14,2261,16),(2094,9,2262,35),(2095,5,2263,25),(2096,14,2264,29),(2097,7,2264,83),(2098,12,2265,40),(2099,13,2266,9),(2100,8,2267,94),(2101,24,2267,NULL),(2102,15,2267,54),(2103,11,2267,81),(2104,17,2268,19),(2105,11,2268,48),(2106,12,2269,122),(2107,4,2270,164),(2108,3,2271,158),(2109,14,2271,33),(2110,12,2271,75),(2111,19,2272,NULL),(2112,13,2272,9),(2113,21,2273,NULL),(2114,2,2273,38),(2115,14,2273,35),(2116,10,2274,60),(2117,22,2275,NULL),(2118,7,2276,36),(2119,7,2277,98),(2120,14,2277,47),(2121,3,2278,199),(2122,5,2278,38),(2123,16,2278,52),(2124,19,2279,NULL),(2125,9,2280,24),(2126,2,2280,43),(2127,20,2280,NULL),(2128,24,2281,NULL),(2129,19,2281,NULL),(2130,3,2282,186),(2131,5,2283,29),(2132,23,2284,NULL),(2133,12,2285,100),(2134,20,2285,NULL),(2135,21,2286,NULL),(2136,23,2287,NULL),(2137,8,2288,98),(2138,2,2289,35),(2139,17,2290,17),(2140,4,2291,154),(2141,17,2291,25),(2142,10,2291,33),(2143,2,2292,49),(2144,21,2293,NULL),(2145,16,2294,92),(2146,8,2295,63),(2147,23,2295,NULL),(2148,16,2296,74),(2149,24,2297,NULL),(2150,3,2298,158),(2151,18,2299,35),(2152,6,2299,32),(2153,8,2300,116),(2154,12,2300,118),(2155,20,2301,NULL),(2156,11,2302,57),(2157,4,2303,149),(2158,19,2303,NULL),(2159,24,2304,NULL),(2160,6,2304,74),(2161,13,2305,12),(2162,4,2305,136),(2163,5,2306,34),(2164,3,2307,102),(2165,18,2308,43),(2166,8,2308,119),(2167,14,2309,27),(2168,13,2310,12),(2169,17,2311,11),(2170,22,2311,NULL),(2171,15,2312,33),(2172,5,2312,29),(2173,3,2313,152),(2174,11,2314,29),(2175,23,2314,NULL),(2176,19,2315,NULL),(2177,17,2315,16),(2178,5,2315,17),(2179,3,2316,187),(2180,9,2317,35),(2181,13,2317,10),(2182,2,2317,50),(2183,24,2318,NULL),(2184,14,2318,23),(2185,7,2319,105),(2186,18,2319,35),(2187,24,2320,NULL),(2188,19,2321,NULL),(2189,23,2322,NULL),(2190,8,2323,130),(2191,16,2323,64),(2192,2,2323,51),(2193,19,2323,NULL),(2194,6,2324,40),(2195,13,2325,24),(2196,10,2326,50),(2197,15,2326,84),(2198,3,2327,103),(2199,10,2328,41),(2200,23,2328,NULL),(2201,20,2329,NULL),(2202,24,2330,NULL),(2203,9,2331,10),(2204,20,2331,NULL),(2205,3,2332,83),(2206,17,2333,22),(2207,24,2334,NULL),(2208,20,2335,NULL),(2209,17,2336,12),(2210,12,2336,134),(2211,18,2337,59),(2212,19,2338,NULL),(2213,4,2339,124),(2214,8,2340,85),(2215,11,2341,87),(2216,12,2342,92),(2217,7,2342,56),(2218,10,2343,21),(2219,21,2344,NULL),(2220,6,2345,49),(2221,18,2345,31),(2222,10,2346,41),(2223,19,2347,NULL),(2224,24,2348,NULL),(2225,8,2348,75),(2226,3,2348,150),(2227,16,2349,34),(2228,20,2350,NULL),(2229,10,2351,33),(2230,13,2352,21),(2231,20,2352,NULL),(2232,24,2353,NULL),(2233,10,2354,59),(2234,10,2355,56),(2235,10,2356,35),(2236,8,2357,59),(2237,24,2357,NULL),(2238,11,2357,42),(2239,2,2358,32),(2240,3,2359,160),(2241,2,2360,57),(2242,13,2360,23),(2243,24,2360,NULL),(2244,20,2360,NULL),(2245,8,2360,78),(2246,19,2361,NULL),(2247,8,2361,102),(2248,13,2361,25),(2249,12,2362,112),(2250,13,2362,26),(2251,18,2363,34),(2252,10,2364,44),(2253,3,2365,107),(2254,2,2366,51),(2255,19,2366,NULL),(2256,8,2367,86),(2257,22,2368,NULL),(2258,16,2369,97),(2259,6,2369,31),(2260,19,2369,NULL),(2261,8,2370,92),(2262,11,2370,85),(2263,23,2370,NULL),(2264,5,2370,27),(2265,9,2371,17),(2266,16,2371,36),(2267,5,2372,35),(2268,2,2373,30),(2269,8,2374,139),(2270,3,2374,173),(2271,16,2375,96),(2272,24,2376,NULL),(2273,24,2377,NULL),(2274,3,2378,131),(2275,16,2378,107),(2276,24,2379,NULL),(2277,10,2379,51),(2278,15,2379,81),(2279,8,2380,55),(2280,13,2381,10),(2281,12,2381,52),(2282,22,2382,NULL),(2283,17,2382,14),(2284,11,2383,83),(2285,16,2384,111),(2286,23,2385,NULL),(2287,18,2386,32),(2288,9,2387,19),(2289,14,2388,18),(2290,6,2388,74),(2291,22,2388,NULL),(2292,15,2389,33),(2293,10,2390,43),(2294,5,2390,17),(2295,12,2391,77),(2296,2,2391,41),(2297,14,2392,52),(2298,12,2393,121),(2299,15,2393,37),(2300,18,2393,24),(2301,24,2394,NULL),(2302,21,2395,NULL),(2303,15,2396,89),(2304,24,2396,NULL),(2305,10,2396,28),(2306,5,2397,15),(2307,1,2398,24),(2308,3,2399,165),(2309,11,2400,45),(2310,2,2401,64),(2311,10,2402,53),(2312,5,2402,29),(2313,5,2402,19),(2314,1,2403,35),(2315,23,2403,NULL),(2316,22,2404,NULL),(2317,2,2404,51),(2318,9,2405,26),(2319,22,2405,NULL),(2320,4,2406,107),(2321,14,2406,19),(2322,17,2407,30),(2323,11,2408,48),(2324,14,2408,50),(2325,24,2409,NULL),(2326,3,2409,139),(2327,7,2409,53),(2328,5,2410,16),(2329,9,2411,27),(2330,7,2412,60),(2331,14,2413,54),(2332,12,2413,57),(2333,20,2414,NULL),(2334,3,2414,82),(2335,9,2414,36),(2336,11,2414,74),(2337,16,2415,47),(2338,14,2416,48),(2339,16,2417,114),(2340,17,2417,26),(2341,1,2417,32),(2342,12,2417,117),(2343,20,2418,NULL),(2344,9,2418,15),(2345,2,2419,51),(2346,15,2420,47),(2347,18,2420,55),(2348,22,2420,NULL),(2349,3,2421,102),(2350,23,2422,NULL),(2351,16,2423,100),(2352,12,2424,78),(2353,6,2424,60),(2354,19,2424,NULL),(2355,8,2425,54),(2356,13,2425,21),(2357,5,2425,24),(2358,18,2426,51),(2359,14,2426,41),(2360,11,2427,83),(2361,7,2428,62),(2362,23,2428,NULL),(2363,10,2428,55),(2364,12,2429,86),(2365,16,2430,75),(2366,7,2431,59),(2367,5,2432,19),(2368,22,2433,NULL),(2369,21,2434,NULL),(2370,11,2435,43),(2371,11,2436,69),(2372,8,2436,134),(2373,5,2437,25),(2374,13,2437,18),(2375,15,2438,63),(2376,2,2439,79),(2377,11,2440,84),(2378,11,2441,74),(2379,5,2441,14),(2380,5,2442,31),(2381,19,2442,NULL),(2382,9,2443,13),(2383,4,2444,130),(2384,5,2445,38),(2385,17,2445,17),(2386,24,2446,NULL),(2387,12,2446,90),(2388,9,2447,20),(2389,7,2448,92),(2390,12,2449,132),(2391,3,2450,85),(2392,8,2451,110),(2393,15,2452,69),(2394,13,2452,13),(2395,5,2453,20),(2396,13,2453,21),(2397,12,2453,46),(2398,21,2454,NULL),(2399,12,2454,56),(2400,2,2454,38),(2401,4,2455,178),(2402,15,2456,73),(2403,12,2457,92),(2404,17,2458,16),(2405,11,2458,40),(2406,23,2459,NULL),(2407,4,2459,116),(2408,19,2459,NULL),(2409,3,2460,155),(2410,22,2461,NULL),(2411,13,2462,14),(2412,13,2463,18),(2413,7,2463,103),(2414,14,2464,35),(2415,14,2465,17),(2416,13,2466,13),(2417,24,2466,NULL),(2418,4,2466,190),(2419,10,2466,41),(2420,6,2466,59),(2421,5,2467,26),(2422,2,2467,70),(2423,22,2468,NULL),(2424,20,2468,NULL),(2425,12,2469,116),(2426,18,2469,32),(2427,19,2470,NULL),(2428,14,2470,50),(2429,15,2471,83),(2430,3,2472,170),(2431,5,2473,17),(2432,11,2473,70),(2433,18,2474,37),(2434,22,2475,NULL),(2435,22,2476,NULL),(2436,1,2476,22),(2437,20,2477,NULL),(2438,7,2478,65),(2439,12,2479,120),(2440,19,2479,NULL),(2441,14,2480,51),(2442,20,2481,NULL),(2443,13,2482,27),(2444,1,2483,26),(2445,7,2483,47),(2446,16,2483,96),(2447,4,2484,177),(2448,7,2484,38),(2449,10,2485,39),(2450,9,2486,28),(2451,24,2486,NULL),(2452,9,2487,15),(2453,17,2488,18),(2454,9,2488,27),(2455,6,2489,63),(2456,1,2489,40),(2457,18,2490,34),(2458,24,2490,NULL),(2459,14,2491,39),(2460,22,2492,NULL),(2461,10,2493,60),(2462,16,2494,95),(2463,23,2495,NULL),(2464,17,2495,19),(2465,9,2495,20),(2466,6,2496,37),(2467,22,2496,NULL),(2468,1,2497,33),(2469,22,2498,NULL),(2470,18,2499,32),(2471,23,2499,NULL),(2472,14,2499,41),(2473,13,2500,26),(2474,23,2501,NULL),(2475,24,2502,NULL),(2476,15,2503,29),(2477,6,2504,29),(2478,23,2504,NULL),(2479,1,2504,35),(2480,16,2504,80),(2481,12,2504,126),(2482,19,2504,NULL),(2483,24,2505,NULL),(2484,3,2505,76),(2485,15,2505,88),(2486,8,2506,56),(2487,22,2507,NULL),(2488,10,2508,25),(2489,3,2508,97),(2490,11,2509,87),(2491,24,2509,NULL),(2492,16,2509,68),(2493,24,2510,NULL),(2494,20,2511,NULL),(2495,19,2512,NULL),(2496,11,2512,32),(2497,18,2513,29),(2498,16,2513,44),(2499,12,2514,104),(2500,24,2514,NULL),(2501,10,2515,34),(2502,5,2516,29),(2503,23,2517,NULL),(2504,2,2518,39),(2505,24,2519,NULL),(2506,14,2520,51),(2507,16,2521,66),(2508,14,2522,16),(2509,7,2522,111),(2510,23,2522,NULL),(2511,3,2522,147),(2512,6,2523,24),(2513,22,2524,NULL),(2514,17,2524,15),(2515,19,2525,NULL),(2516,16,2526,48),(2517,10,2527,21),(2518,2,2527,57),(2519,21,2528,NULL),(2520,8,2528,90),(2521,13,2528,29),(2522,18,2528,50),(2523,2,2528,30),(2524,21,2529,NULL),(2525,16,2530,106),(2526,18,2531,44),(2527,13,2531,9),(2528,14,2531,37),(2529,6,2531,58),(2530,16,2532,63),(2531,11,2533,87),(2532,8,2533,129),(2533,23,2533,NULL),(2534,6,2534,44),(2535,20,2535,NULL),(2536,7,2536,98),(2537,4,2537,241),(2538,14,2538,47),(2539,3,2539,124),(2540,10,2540,22),(2541,15,2540,54),(2542,11,2541,51),(2543,9,2542,28),(2544,2,2542,52),(2545,18,2543,48),(2546,11,2544,78),(2547,16,2545,84),(2548,24,2546,NULL),(2549,11,2547,47),(2550,22,2548,NULL),(2551,15,2548,77),(2552,7,2548,40),(2553,4,2548,119),(2554,21,2549,NULL),(2555,23,2550,NULL),(2556,6,2551,65),(2557,2,2551,29),(2558,22,2552,NULL),(2559,17,2553,27),(2560,17,2554,21),(2561,5,2555,16),(2562,2,2556,63),(2563,12,2557,124),(2564,5,2557,16),(2565,2,2558,46),(2566,5,2558,22),(2567,15,2559,60),(2568,7,2560,69),(2569,19,2561,NULL),(2570,6,2561,64),(2571,11,2561,51),(2572,17,2561,15),(2573,18,2562,49),(2574,1,2563,39),(2575,13,2564,15),(2576,7,2565,65),(2577,22,2565,NULL),(2578,16,2566,111),(2579,14,2567,49),(2580,19,2567,NULL),(2581,8,2567,126),(2582,17,2568,26),(2583,9,2569,28),(2584,11,2570,46),(2585,7,2571,112),(2586,4,2572,184),(2587,13,2573,29),(2588,8,2573,57),(2589,20,2574,NULL),(2590,16,2575,117),(2591,5,2576,28),(2592,23,2577,NULL),(2593,24,2578,NULL),(2594,8,2579,69),(2595,14,2580,49),(2596,7,2581,92),(2597,9,2582,33),(2598,24,2582,NULL),(2599,14,2583,17),(2600,24,2584,NULL),(2601,10,2585,33),(2602,14,2585,33),(2603,17,2585,19),(2604,2,2585,36),(2605,5,2586,38),(2606,9,2587,36),(2607,4,2588,175),(2608,20,2588,NULL),(2609,6,2588,31),(2610,24,2589,NULL),(2611,20,2589,NULL),(2612,5,2590,24),(2613,24,2590,NULL),(2614,18,2590,44),(2615,13,2591,28),(2616,13,2592,25),(2617,24,2593,NULL),(2618,3,2594,196),(2619,18,2594,47),(2620,20,2595,NULL),(2621,16,2596,52),(2622,12,2597,104),(2623,20,2598,NULL),(2624,19,2599,NULL),(2625,5,2599,21),(2626,11,2599,96),(2627,19,2600,NULL),(2628,9,2600,33),(2629,5,2601,18),(2630,14,2601,18),(2631,15,2602,82),(2632,20,2602,NULL),(2633,13,2603,17),(2634,14,2604,22),(2635,22,2605,NULL),(2636,9,2606,16),(2637,14,2607,32),(2638,10,2608,20),(2639,8,2608,51),(2640,6,2609,37),(2641,4,2610,161),(2642,4,2611,253),(2643,15,2612,35),(2644,23,2613,NULL),(2645,14,2614,18),(2646,12,2615,112),(2647,24,2616,NULL),(2648,3,2616,111),(2649,12,2617,100),(2650,3,2617,187),(2651,20,2617,NULL),(2652,21,2618,NULL),(2653,22,2618,NULL),(2654,23,2619,NULL),(2655,21,2620,NULL),(2656,9,2620,23),(2657,16,2621,120),(2658,12,2622,52),(2659,14,2623,51),(2660,21,2623,NULL),(2661,14,2624,19),(2662,10,2624,22),(2663,18,2625,28),(2664,8,2625,121),(2665,21,2625,NULL),(2666,1,2625,29),(2667,10,2626,51),(2668,2,2626,70),(2669,16,2627,81),(2670,18,2628,56),(2671,24,2628,NULL),(2672,14,2628,20),(2673,8,2629,101),(2674,3,2629,73),(2675,9,2630,21),(2676,14,2630,27),(2677,21,2631,NULL),(2678,23,2632,NULL),(2679,22,2633,NULL),(2680,7,2634,46),(2681,24,2634,NULL),(2682,15,2634,56),(2683,9,2635,11),(2684,15,2636,32),(2685,3,2637,141),(2686,15,2638,40),(2687,12,2638,102),(2688,6,2639,51),(2689,12,2640,45),(2690,2,2640,60),(2691,7,2641,46),(2692,21,2642,NULL),(2693,21,2643,NULL),(2694,4,2643,242),(2695,4,2644,201),(2696,6,2645,62),(2697,15,2646,34),(2698,4,2647,212),(2699,17,2647,17),(2700,24,2647,NULL),(2701,16,2648,71),(2702,3,2649,163),(2703,6,2650,75),(2704,23,2650,NULL),(2705,4,2651,152),(2706,6,2651,51),(2707,16,2652,74),(2708,11,2652,55),(2709,5,2652,26),(2710,20,2652,NULL),(2711,18,2653,29),(2712,19,2654,NULL),(2713,8,2654,144),(2714,3,2655,171),(2715,8,2655,93),(2716,16,2656,81),(2717,9,2657,34),(2718,11,2658,38),(2719,10,2659,19),(2720,20,2660,NULL),(2721,22,2661,NULL),(2722,2,2661,75),(2723,7,2661,76),(2724,12,2661,117),(2725,4,2662,208),(2726,6,2662,57),(2727,23,2662,NULL),(2728,14,2662,46),(2729,19,2663,NULL),(2730,6,2663,66),(2731,9,2663,32),(2732,24,2664,NULL),(2733,13,2664,11),(2734,3,2665,185),(2735,14,2666,25),(2736,20,2666,NULL),(2737,2,2667,31),(2738,17,2667,10),(2739,12,2667,90),(2740,18,2667,41),(2741,1,2668,16),(2742,9,2669,30),(2743,15,2670,81),(2744,15,2671,74),(2745,5,2672,28),(2746,23,2672,NULL),(2747,15,2673,47),(2748,2,2673,74),(2749,24,2673,NULL),(2750,18,2673,59),(2751,7,2673,99),(2752,13,2674,16),(2753,2,2674,49),(2754,24,2675,NULL),(2755,5,2675,24),(2756,9,2676,29),(2757,20,2676,NULL),(2758,11,2676,28),(2759,23,2676,NULL),(2760,16,2676,73),(2761,4,2676,227),(2762,15,2677,55),(2763,20,2678,NULL),(2764,5,2678,19),(2765,11,2678,55),(2766,6,2679,46),(2767,16,2679,76),(2768,23,2679,NULL),(2769,10,2679,44),(2770,10,2680,58),(2771,8,2680,139),(2772,4,2680,173),(2773,15,2680,84),(2774,11,2681,29),(2775,18,2682,25),(2776,20,2683,NULL),(2777,9,2684,10),(2778,11,2684,32),(2779,24,2684,NULL),(2780,5,2685,23),(2781,14,2686,21),(2782,5,2687,36),(2783,7,2688,44),(2784,12,2689,86),(2785,24,2690,NULL),(2786,14,2690,21),(2787,6,2690,36),(2788,14,2691,39),(2789,13,2691,19),(2790,15,2692,26),(2791,13,2693,10),(2792,22,2693,NULL),(2793,10,2694,29),(2794,2,2694,52),(2795,21,2694,NULL),(2796,20,2695,NULL),(2797,7,2696,65),(2798,19,2697,NULL),(2799,7,2698,87),(2800,6,2699,53),(2801,2,2699,80),(2802,2,2700,63),(2803,22,2701,NULL),(2804,12,2701,131),(2805,14,2701,19),(2806,17,2701,22),(2807,5,2701,34),(2808,1,2702,20),(2809,8,2703,97),(2810,20,2704,NULL),(2811,2,2704,51),(2812,9,2705,29),(2813,8,2705,138),(2814,15,2706,69),(2815,24,2706,NULL),(2816,20,2707,NULL),(2817,12,2708,76),(2818,7,2709,44),(2819,17,2710,29),(2820,7,2711,74),(2821,24,2711,NULL),(2822,10,2711,17),(2823,24,2712,NULL),(2824,22,2713,NULL),(2825,15,2714,48),(2826,10,2715,49),(2827,23,2716,NULL),(2828,18,2717,26),(2829,9,2717,12),(2830,24,2717,NULL),(2831,3,2718,114),(2832,21,2718,NULL),(2833,8,2718,64),(2834,24,2719,NULL),(2835,19,2720,NULL),(2836,19,2721,NULL),(2837,5,2721,30),(2838,14,2721,22),(2839,6,2721,58),(2840,6,2722,27),(2841,4,2722,298),(2842,16,2723,87),(2843,12,2723,89),(2844,19,2724,NULL),(2845,4,2724,256),(2846,7,2725,85),(2847,17,2726,14),(2848,19,2727,NULL),(2849,13,2728,14),(2850,11,2729,46),(2851,16,2730,72),(2852,19,2730,NULL),(2853,1,2730,29),(2854,11,2730,92),(2855,15,2731,67),(2856,11,2732,50),(2857,17,2733,29),(2858,24,2733,NULL),(2859,18,2733,50),(2860,8,2733,103),(2861,7,2734,50),(2862,12,2734,104),(2863,21,2735,NULL),(2864,8,2736,79),(2865,20,2736,NULL),(2866,20,2737,NULL),(2867,8,2737,121),(2868,23,2737,NULL),(2869,18,2738,44),(2870,13,2738,8),(2871,9,2739,11),(2872,21,2739,NULL),(2873,2,2740,45),(2874,13,2741,11),(2875,9,2741,14),(2876,19,2741,NULL),(2877,11,2741,28),(2878,9,2742,27),(2879,19,2743,NULL),(2880,13,2743,28),(2881,14,2743,47),(2882,4,2743,228),(2883,3,2744,75),(2884,6,2745,75),(2885,23,2745,NULL),(2886,16,2745,79),(2887,4,2745,108),(2888,17,2746,23),(2889,3,2747,82),(2890,18,2748,60),(2891,3,2749,172),(2892,3,2750,108),(2893,15,2751,46),(2894,11,2752,76),(2895,12,2753,47),(2896,1,2753,39),(2897,22,2753,NULL),(2898,17,2753,23),(2899,8,2753,139),(2900,14,2753,42),(2901,2,2754,64),(2902,20,2755,NULL),(2903,21,2756,NULL),(2904,5,2757,26),(2905,15,2758,33),(2906,1,2758,35),(2907,21,2759,NULL),(2908,19,2760,NULL),(2909,22,2760,NULL),(2910,12,2760,65),(2911,22,2761,NULL),(2912,14,2762,55),(2913,13,2763,10),(2914,17,2764,19),(2915,12,2765,59),(2916,24,2765,NULL),(2917,7,2766,89),(2918,12,2767,127),(2919,9,2767,36),(2920,4,2767,225),(2921,3,2768,122),(2922,2,2769,37),(2923,23,2770,NULL),(2924,3,2770,158),(2925,16,2771,99),(2926,20,2771,NULL),(2927,3,2772,105),(2928,7,2772,48),(2929,21,2772,NULL),(2930,24,2772,NULL),(2931,13,2772,30),(2932,10,2773,47),(2933,7,2774,62),(2934,22,2775,NULL),(2935,13,2776,17),(2936,12,2776,62),(2937,4,2777,186),(2938,11,2778,43),(2939,9,2779,21),(2940,21,2780,NULL),(2941,19,2781,NULL),(2942,2,2781,55),(2943,8,2781,60),(2944,22,2781,NULL),(2945,16,2782,64),(2946,17,2783,29),(2947,12,2783,125),(2948,23,2783,NULL),(2949,21,2784,NULL),(2950,6,2784,38),(2951,15,2784,40),(2952,22,2785,NULL),(2953,15,2785,84),(2954,2,2785,57),(2955,21,2786,NULL),(2956,6,2787,26),(2957,9,2787,15),(2958,16,2788,117),(2959,1,2789,15),(2960,4,2790,289),(2961,18,2790,54),(2962,7,2791,72),(2963,22,2792,NULL),(2964,4,2792,126),(2965,7,2793,68),(2966,10,2794,52),(2967,20,2795,NULL),(2968,16,2795,87),(2969,24,2795,NULL),(2970,22,2796,NULL),(2971,24,2797,NULL),(2972,5,2798,27),(2973,3,2799,108),(2974,13,2800,19),(2975,22,2800,NULL),(2976,15,2801,52),(2977,6,2802,59),(2978,12,2802,90),(2979,24,2803,NULL),(2980,6,2804,29),(2981,24,2805,NULL),(2982,4,2805,229),(2983,11,2805,57),(2984,10,2806,26),(2985,24,2807,NULL),(2986,15,2808,75),(2987,9,2809,24),(2988,10,2810,28),(2989,16,2810,106),(2990,22,2810,NULL),(2991,8,2811,90),(2992,3,2812,170),(2993,21,2812,NULL),(2994,13,2812,21),(2995,7,2812,112),(2996,19,2812,NULL),(2997,17,2813,16),(2998,8,2813,49),(2999,21,2813,NULL),(3000,14,2814,54),(3001,1,2814,37),(3002,24,2814,NULL),(3003,19,2814,NULL),(3004,2,2815,35),(3005,20,2815,NULL),(3006,7,2815,80),(3007,15,2815,53),(3008,22,2815,NULL),(3009,11,2815,54),(3010,21,2816,NULL),(3011,3,2817,122),(3012,4,2818,290),(3013,7,2818,104),(3014,19,2818,NULL),(3015,15,2819,86),(3016,19,2820,NULL),(3017,5,2820,15),(3018,24,2820,NULL),(3019,2,2821,67),(3020,13,2822,10),(3021,3,2823,122),(3022,20,2824,NULL),(3023,22,2825,NULL),(3024,8,2825,140),(3025,19,2825,NULL),(3026,19,2826,NULL),(3027,22,2826,NULL),(3028,6,2827,64),(3029,23,2827,NULL),(3030,17,2827,19),(3031,2,2827,70),(3032,10,2827,35),(3033,8,2828,53),(3034,15,2829,69),(3035,3,2830,102),(3036,24,2830,NULL),(3037,19,2831,NULL),(3038,6,2832,68),(3039,22,2833,NULL),(3040,11,2834,75),(3041,19,2834,NULL),(3042,6,2834,50),(3043,14,2834,55),(3044,19,2835,NULL),(3045,12,2835,106),(3046,14,2835,48),(3047,14,2836,45),(3048,19,2837,NULL),(3049,3,2838,157),(3050,14,2838,25),(3051,2,2839,37),(3052,5,2839,35),(3053,17,2840,23),(3054,23,2840,NULL),(3055,14,2840,27),(3056,4,2840,197),(3057,11,2840,34),(3058,24,2841,NULL),(3059,24,2842,NULL),(3060,4,2842,175),(3061,6,2843,73),(3062,16,2844,36),(3063,15,2845,44),(3064,21,2845,NULL),(3065,12,2845,48),(3066,12,2846,117),(3067,18,2847,36),(3068,9,2847,17),(3069,22,2847,NULL),(3070,11,2848,58),(3071,17,2848,19),(3072,14,2849,38),(3073,24,2849,NULL),(3074,2,2850,66),(3075,23,2850,NULL),(3076,18,2850,31),(3077,12,2851,65),(3078,10,2852,44),(3079,3,2853,184),(3080,24,2853,NULL),(3081,19,2854,NULL),(3082,18,2855,35),(3083,18,2856,23),(3084,1,2856,14),(3085,10,2857,33),(3086,17,2858,13),(3087,5,2859,33),(3088,14,2860,51),(3089,3,2861,146),(3090,20,2861,NULL),(3091,7,2862,65),(3092,6,2863,28),(3093,24,2864,NULL),(3094,9,2864,25),(3095,15,2864,57),(3096,7,2864,105),(3097,3,2864,88),(3098,19,2864,NULL),(3099,22,2865,NULL),(3100,16,2866,119),(3101,5,2866,15),(3102,18,2867,54),(3103,23,2868,NULL),(3104,24,2869,NULL),(3105,3,2870,140),(3106,12,2871,68),(3107,2,2872,52),(3108,3,2873,179),(3109,22,2874,NULL),(3110,20,2874,NULL),(3111,5,2875,38),(3112,1,2876,33),(3113,12,2876,105),(3114,11,2877,27),(3115,21,2878,NULL),(3116,4,2879,123),(3117,13,2880,28),(3118,14,2881,51),(3119,24,2881,NULL),(3120,3,2882,90),(3121,9,2882,21),(3122,4,2883,298),(3123,19,2884,NULL),(3124,3,2884,141),(3125,24,2885,NULL),(3126,8,2886,72),(3127,12,2886,139),(3128,23,2887,NULL),(3129,5,2887,15),(3130,21,2888,NULL),(3131,1,2889,36),(3132,16,2889,91),(3133,19,2890,NULL),(3134,20,2891,NULL),(3135,23,2891,NULL),(3136,10,2891,27),(3137,13,2892,12),(3138,14,2893,31),(3139,8,2894,60),(3140,18,2895,30),(3141,12,2896,141),(3142,7,2897,42),(3143,8,2898,86),(3144,17,2898,16),(3145,9,2898,30),(3146,22,2898,NULL),(3147,16,2899,92),(3148,12,2899,110),(3149,19,2899,NULL),(3150,6,2900,69),(3151,20,2901,NULL),(3152,4,2901,246),(3153,17,2902,14),(3154,24,2903,NULL),(3155,4,2903,238),(3156,3,2904,91),(3157,13,2905,22),(3158,3,2905,97),(3159,9,2905,27),(3160,11,2906,41),(3161,16,2906,39),(3162,6,2906,46),(3163,21,2906,NULL),(3164,1,2906,36),(3165,20,2907,NULL),(3166,6,2908,71),(3167,5,2908,27),(3168,7,2909,45),(3169,7,2910,72),(3170,19,2911,NULL),(3171,4,2911,190),(3172,6,2911,40),(3173,23,2912,NULL),(3174,10,2912,49),(3175,2,2913,70),(3176,24,2914,NULL),(3177,3,2914,96),(3178,24,2915,NULL),(3179,5,2915,32),(3180,20,2916,NULL),(3181,24,2916,NULL),(3182,14,2917,40),(3183,6,2918,69),(3184,22,2918,NULL),(3185,10,2919,60),(3186,7,2920,93),(3187,8,2921,99),(3188,8,2922,145),(3189,1,2923,22),(3190,20,2924,NULL),(3191,15,2925,61),(3192,24,2925,NULL),(3193,6,2926,29),(3194,2,2927,48),(3195,22,2928,NULL),(3196,11,2929,90),(3197,23,2930,NULL),(3198,21,2931,NULL),(3199,14,2932,18),(3200,1,2933,34),(3201,16,2934,51),(3202,21,2934,NULL),(3203,23,2935,NULL),(3204,5,2935,29),(3205,16,2936,39),(3206,15,2937,84),(3207,13,2938,13),(3208,21,2939,NULL),(3209,11,2939,60),(3210,20,2940,NULL),(3211,15,2940,58),(3212,4,2940,249),(3213,3,2941,176),(3214,24,2942,NULL),(3215,21,2943,NULL),(3216,24,2944,NULL),(3217,12,2944,103),(3218,12,2945,69),(3219,14,2946,53),(3220,23,2947,NULL),(3221,18,2947,35),(3222,17,2948,30),(3223,12,2948,61),(3224,7,2949,42),(3225,24,2949,NULL);
/*!40000 ALTER TABLE `results5627` ENABLE KEYS */;
UNLOCK TABLES;

/*!40103 SET TIME_ZONE=@OLD_TIME_ZONE */;

/*!40101 SET SQL_MODE=@OLD_SQL_MODE */;
/*!40014 SET FOREIGN_KEY_CHECKS=@OLD_FOREIGN_KEY_CHECKS */;
/*!40014 SET UNIQUE_CHECKS=@OLD_UNIQUE_CHECKS */;
/*!40101 SET CHARACTER_SET_CLIENT=@OLD_CHARACTER_SET_CLIENT */;
/*!40101 SET CHARACTER_SET_RESULTS=@OLD_CHARACTER_SET_RESULTS */;
/*!40101 SET COLLATION_CONNECTION=@OLD_COLLATION_CONNECTION */;
/*!40111 SET SQL_NOTES=@OLD_SQL_NOTES */;

-- Dump completed on 2024-03-14 16:59:50
